568,Sarine,79604,051 Burrows Point
212,Mel,97150,8375 Straubel Junction
4680,Shannon,47268,15363 Helena Alley
295,Carrol,61925,1068 Chive Circle
636,Hanni,37093,1 Continental Trail
76,Faber,83774,238 Iowa Pass
376,Joly,68527,71 Eastwood Point
36,Cilka,61512,63968 Mesta Drive
13,Pierrette,42479,54 Bay Trail
,Devon,52293,38859 Mayfield Avenue
892,Portie,65268,9100 Mcguire Park
90,Perice,80775,4 Kings Road
152,Margarete,86115,0259 Schurz Plaza
16,Dorie,84096,689 Old Shore Park
684,Joete,56676,6 Becker Plaza
20,,56491,#####
7990,Junia,46977,368 Lyons Avenue
150,Desiri,31810,782 Mendota Terrace
630,Karola,78174,0876 Dixon Trail
908,Candida,97786,4910 Mcguire Alley
6500,Delores,80517,07 Haas Way
2461,Trenna,68616,18103 Bashford Park
669,Margot,74070,98 Florence Point
1043,Olav,30551,28 Waubesa Trail
2920,Mallory,33439,078 Larry Park
670,Devy,91186,7006 Eagle Crest Junction
2150,Moore,98280,2 Forest Park
60,Emalee,94630,6 Drewry Street
,Heinrik,33565,0815 Blaine Street
1325,Roseann,54100,3 Macpherson Lane
10,Griffy,84372,7082 Warbler Park
131,Sharleen,40500,00 Warbler Drive
461,Kati,33368,4 Schurz Pass
39,Kip,70497,32672 Mallard Hill
484,Courtney,41303,022 Delaware Plaza
30,Sara-ann,34621,558 Arizona Place
1114,Alastair,88736,52673 Thompson Junction
1341,Gail,72804,42917 Northview Avenue
364,Isidore,46265,7 Algoma Road
565,Meagan,59966,6656 Cordelia Way
5082,Flem,39352,946 Wayridge Parkway
337,Reese,55950,36146 8th Crossing
568,Raul,43801,90442 Hallows Alley
206,Giordano,69599,178 Moulton Hill
-115,Carlina,39404,0055 Hansons Circle
634,Bennie,87392,845 Hayes Street
499,Upton,97884,63 Packers Court
57,Jake,52757,30 Garrison Trail
85,Evey,60441,6509 Darwin Plaza
440,Kelby,77021,290 Gateway Road
746,Dael,76789,4433 Karstens Junction
1799,Aksel,49387,5851 Redwing Hill
14,Bryna,41542,22287 Roxbury Drive
177,Carter,40369,5578 Southridge Junction
17,Jarret,35767,72799 Memorial Avenue
,Clementine,34313,276 Atwood Way
509,Garrot,83568,63 Maryland Drive
62,Alecia,69744,2713 Jackson Hill
41,Max,87119,06 Schlimgen Center
650,Cary,87879,3356 Towne Plaza
52,Lusa,39482,95373 Anniversary Court
230,Dehlia,69561,16 Forest Dale Drive
1069,Ralf,68327,5 Fisk Hill
4518,Hildegarde,57985,5 Northland Circle
2631,Hillard,74168,624 Nobel Park
1012,Sofie,53837,297 School Road
984,Chris,48038,743 Redwing Center
,Rob,87063,4 Hauk Plaza
709,Marne,64522,2 Emmet Road
1667,Antone,61427,13189 Birchwood Place
591,Brockie,37659,7 Troy Trail
3200,Anica,61230,03 Hintze Point
732,Remus,52370,36 Warbler Lane
155,Billi,49153,4430 Reindahl Terrace
470,Erena,30303,8 Harper Terrace
1486,Hailey,46578,80 Lakewood Avenue
3470,Leigh,65744,2543 Blue Bill Park Place
472,Krissie,82015,8031 Buell Hill
32,Marshall,96660,9070 Mcbride Pass
340,Asher,47502,52 Iowa Center
95,Theadora,96893,1 Dakota Hill
3,Judon,33637,32443 Mendota Junction
698,Roz,57865,56 Waywood Junction
6250,Caril,30704,3 Superior Way
25,Morganne,52715,33017 Lawn Court
659,Janine,40706,42 Derek Court
64,Benedikta,88817,1 Heath Park
97,Mellicent,68944,16 Summer Ridge Park
18,Kleon,33903,4867 Forest Circle
666,Chiarra,73405,40011 Gulseth Point
141,Israel,81383,81 Corscot Road
1289,Elka,45339,4 Amoth Parkway
194,Cecilia,36662,52577 Cordelia Place
2885,Sissy,53297,0 Utah Junction
305,Gabbie,39221,983 Elmside Street
16,Pattin,74284,923 Del Sol Park
1087,Lenna,47203,3 Welch Junction
2625,Briano,47119,39 Manitowish Drive
18,Tootsie,86640,42510 Melrose Road
102,Janel,46550,6673 Clove Lane
909,Perry,59758,960 Cherokee Parkway
361,Daniel,93203,84171 Sunnyside Street
155,Tommie,37899,31779 Gale Drive
30,Barclay,45877,73 Shoshone Crossing
317,Kaleena,50643,672 Cherokee Lane
141,Ernesto,72518,781 Columbus Road
597,Lesley,69290,37 Daystar Terrace
12,Richard,86555,30 Lerdahl Place
172,Ruperto,80941,12 Riverside Avenue
21,Rodina,80788,1 Dixon Trail
452,Ashli,48778,32842 Corben Terrace
56,Tory,50866,82 Comanche Pass
7918,Jeddy,38556,28 New Castle Place
217,Rickard,52142,192 Huxley Circle
358,Phil,80110,916 Towne Trail
32,Eldridge,37755,81 Schurz Alley
1247,Alard,88557,204 Butternut Crossing
900,Rachele,79764,6482 Eggendart Avenue
150,Booth,75206,7192 Hoepker Avenue
353,Bing,99213,764 High Crossing Junction
645,Tadd,68961,53818 Nova Parkway
4117,Sarette,41325,636 Eagle Crest Place
52,Giulio,72443,993 Bayside Drive
390,Nil,38779,75890 Briar Crest Circle
997,Warde,79719,5 Fisk Place
1012,Delphine,30570,3 Maple Wood Junction
412,Liuka,54672,777 Bowman Drive
,Ailyn,61267,91 Annamark Trail
160,Carly,76143,11078 Lyons Center
6,Arel,81791,87853 Huxley Parkway
27,Granville,80753,65 Novick Circle
82,Tommie,44055,79 Basil Drive
7,Irwinn,91075,6 Center Avenue
1048,Uriah,85715,2 Reindahl Trail
3593,Augustus,57798,6 Commercial Avenue
1800,Elaine,50072,9387 Ronald Regan Junction
873,Rock,56733,2 Mcguire Way
885,Tucker,54409,490 Sommers Terrace
1071,Cecily,82044,669 Scott Point
3350,Tallie,80497,2 Starling Drive
847,Alex,52923,04 Dakota Pass
101,Patti,76382,29325 Havey Place
,Timothee,78461,07 Portage Parkway
223,Vincents,77361,8 Esch Lane
1670,Olympe,66414,1 Sugar Park
5939,Yettie,84340,7143 Petterle Plaza
10,Delphine,57673,996 Pleasure Drive
23,Ebony,51052,39535 1st Trail
651,Tanya,92937,0 Merchant Plaza
334,Reggie,34034,19399 Evergreen Hill
12816,Em,60167,045 Dahle Park
1521,Monika,33543,5 Morningstar Point
68,Hana,43526,2518 Hermina Crossing
1723,Desi,37280,25954 Bonner Road
150,Maryanne,94235,340 Eastlawn Circle
453,Bern,92698,80 Duke Pass
10,Culley,77164,3500 Del Sol Hill
1290,Tommy,97673,7 Raven Drive
418,Candace,58905,48468 Everett Plaza
122,Fred,64542,403 Porter Lane
34,Lester,98485,3 South Junction
,Opalina,55017,09 Dapin Avenue
46,Loralie,77755,71 Springview Circle
121,Delphinia,92037,57 Elka Plaza
3428,Kris,77757,7 Dayton Avenue
83,Alvinia,65128,8107 Parkside Avenue
1159,Penelopa,50498,5516 Fordem Center
372,Nancey,95886,3915 North Way
6966,Colene,67782,6 Shopko Hill
26,Tracey,62780,198 Fuller Junction
54,Lishe,69871,1900 Thompson Drive
1198,Obadias,95721,0599 East Terrace
1673,Shane,89823,4045 Continental Park
410,Goober,39105,95108 Havey Way
778,Barty,90542,2200 Dapin Hill
1095,Merci,90891,396 Brown Park
13,Wanids,56508,7717 Stuart Circle
172,Yoshiko,89950,44 Fremont Crossing
18,Ana,69520,8 Lotheville Center
899,Jazmin,49283,099 Shoshone Park
935,Harris,83997,7 Logan Way
1516,Ame,51585,29 Bowman Drive
733,Caritta,84540,179 Dixon Court
325,Thedrick,55639,62 Banding Street
40,Krisha,60881,53171 Namekagon Junction
111,Curt,45999,96 Gina Drive
331,Haywood,41994,086 Autumn Leaf Hill
13,Alfy,42896,8529 Hoard Place
201,Moss,39786,520 Stephen Circle
52,Tobey,79976,1358 Fuller Road
981,Gabbie,41552,6 Porter Point
378,Cirillo,82139,63753 Doe Crossing Place
2351,Kate,53217,025 Atwood Street
963,Renelle,91460,55151 Northfield Plaza
1293,Laurena,30752,1545 Mandrake Plaza
,Deane,67956,74 Londonderry Street
1003,Franky,73841,6 Hoepker Drive
31,Rivkah,50924,1 Susan Park
32,Richie,37366,8 Carey Parkway
728,Dorris,58050,9591 Cherokee Parkway
1307,Fabio,73987,08 Lyons Hill
24,Thebault,52252,7 Lindbergh Junction
3245,Ulrike,36556,61 Butternut Circle
1998,Hoebart,65695,02 Valley Edge Street
3680,Ashely,35434,86 Northfield Court
20,Tommie,69252,860 Rowland Crossing
1633,Debora,71581,1 John Wall Drive
24,Terri,72093,37786 Norway Maple Drive
61,Tabbatha,78732,46 Oxford Road
5622,Xaviera,35615,38713 Steensland Terrace
64,Carlyle,68918,7810 Golf View Road
16,Jaquenetta,41432,532 Fulton Drive
470,Darrel,54410,84 Crescent Oaks Way
3292,Devon,42740,92 Oakridge Hill
11,Stephenie,71664,76 Nancy Lane
449,Miguelita,61975,405 Victoria Drive
591,Bear,90403,5 Ohio Plaza
118,Starlin,34229,82707 Helena Place
140,Viviana,68922,1 Thompson Place
202,Jeromy,79075,06 Banding Avenue
128,Penelope,71934,8 Old Gate Park
7011,Woodrow,48524,098 Fieldstone Center
11,Raddy,43566,042 Alpine Avenue
230,Marlo,75159,574 Coleman Park
241,Ashly,52780,66852 Scofield Drive
54,Randy,47684,5543 Monica Road
130,Jeff,65005,21644 Towne Crossing
32,Ibbie,42902,3943 Kings Street
47,Fae,85157,2608 Heffernan Avenue
,Pia,39281,743 Roxbury Hill
3564,Carlen,95428,4675 Lyons Pass
887,Johnny,69485,6 Onsgard Park
3782,Sayer,88710,213 Southridge Plaza
6159,Trescha,90054,53 Fieldstone Alley
217,Alvinia,81218,7028 Texas Trail
2018,Juanita,88792,63589 Texas Parkway
44,Ansell,72308,1594 Graedel Park
1961,Rachel,85359,0 Rigney Park
3880,Kimberlee,48563,303 Parkside Pass
655,Urbain,83265,62 Mcguire Hill
16,Cariotta,93545,6 Valley Edge Circle
322,Jaquelyn,68803,4901 Alpine Alley
262,Amitie,51971,95 Petterle Park
1911,Camel,71731,75 Schurz Terrace
1291,Sharline,55379,44 Vernon Way
3919,Ryon,68155,60026 Green Way
20,Inessa,95862,847 Forster Circle
3860,Leticia,56731,5438 Homewood Terrace
1010,Lek,95699,761 Everett Parkway
7630,Therine,95180,1 Aberg Place
13,Dyann,35673,71 Golden Leaf Junction
6,Kitti,30027,4 Caliangt Crossing
120,Perl,76040,32332 Sheridan Parkway
5573,Sandi,40412,0115 Sundown Way
613,Tracey,67247,633 Roxbury Pass
20,Hedwiga,81354,4162 Ohio Hill
25,Joellyn,31284,91 Barby Hill
1162,Loretta,64404,0 Merry Way
33,Dewain,31911,3839 Hovde Point
2205,Olenka,35442,6 Manitowish Street
430,Teressa,54367,1 Continental Center
1082,Christalle,78598,3 4th Way
166,Anet,87087,8 Hanson Park
3374,Wallace,45544,04 Parkside Place
2989,Jordan,72962,49087 Mesta Avenue
1435,Dane,43748,356 Carey Court
246,Franciska,96417,56 Raven Point
294,Nerti,91190,941 Buena Vista Terrace
270,Emerson,91592,30726 Randy Junction
229,Ophelia,52008,114 Lakewood Gardens Place
1165,Lila,74222,2 Gerald Alley
,Caye,50162,39 Colorado Alley
10,Agatha,38929,18 Oxford Alley
2241,Andras,48401,39 Raven Pass
107,Anthe,30893,5 Schmedeman Park
38,Patin,89265,4496 Haas Court
0,Lidia,49181,57773 Atwood Pass
19,Doretta,71516,7451 Hansons Way
364,Erika,42498,11 Bay Plaza
2945,Roanne,35428,93 Mccormick Crossing
7,Giulio,75246,8383 Bobwhite Point
569,Abbott,54178,12494 Browning Place
327,Martelle,98722,281 Shoshone Court
2648,Phedra,50345,73948 Stone Corner Lane
4187,Claudie,51425,63972 Basil Junction
15,Iver,78717,9 Doe Crossing Lane
132,Sergeant,80039,21 Hoepker Terrace
1090,Susette,38164,5017 Dixon Road
1343,Chastity,53423,3 Becker Junction
8,Vere,93339,2086 Coleman Alley
,Micheline,56103,434 Badeau Trail
2031,Abbie,76258,814 Transport Alley
1102,Abdul,33889,11386 Huxley Junction
85,Huntington,32127,2 Elgar Lane
5586,Drucy,62994,2758 Spaight Terrace
1601,Reiko,85548,1400 Hintze Center
5475,North,91462,018 Mallard Way
,Dasie,59034,155 Lindbergh Parkway
74,Corina,55800,538 Main Center
2287,Perry,38017,93007 Calypso Crossing
1171,Noland,34790,01 Sherman Road
7,Kai,82540,24 Dayton Alley
12,Ambrosi,74432,7365 Holmberg Plaza
4500,Shayla,69461,65885 Victoria Trail
11,Geri,99280,5 Maple Trail
1002,Sheelagh,65462,5 Fremont Drive
1112,Cornie,97925,39708 Eagan Court
152,Francine,79479,9 Lakewood Park
3661,Jose,39913,313 Elka Terrace
3517,Norman,80362,1022 Blaine Lane
10,Basil,78976,5 Waxwing Street
42,Nelson,86859,6 Chive Hill
1425,Karalee,68409,27 Annamark Street
150,Bret,84416,48051 Coleman Court
8136,Nappie,32646,95492 Loftsgordon Trail
76,Aline,76738,57470 Artisan Place
16,Liuka,74714,62627 Glendale Place
,Octavius,90741,764 Fremont Center
2742,Suzanna,63048,86190 Novick Junction
23,Charlean,74995,8 Bluestem Center
1114,Javier,31656,4596 Russell Parkway
299,Colas,97650,8755 Trailsway Lane
5558,Korry,95292,3919 Hooker Junction
433,Kittie,74296,61 Lakewood Road
,Cosette,55350,879 Arkansas Place
5475,Harmon,81338,04190 Oakridge Center
1317,Chloe,41606,71822 Leroy Pass
150,Keri,70901,19458 Reindahl Pass
185,Bibbye,75563,25 Moland Parkway
9,Beulah,93818,76 8th Avenue
4452,Karleen,52507,57360 Maryland Parkway
1100,Margaretha,75118,53 Straubel Way
5102,Jacquie,57333,30573 Twin Pines Court
56,Otes,82423,88 Laurel Point
1195,Elora,56447,1651 Leroy Road
341,Anthea,64506,1214 Karstens Court
1233,Sean,96130,55268 Mariners Cove Park
190,Yalonda,83225,09942 Golden Leaf Hill
92,Deloria,47726,43111 Bartelt Court
231,Moore,98609,85640 Bonner Junction
1009,Bernetta,46528,926 Killdeer Pass
300,Tammi,46094,16 Esch Point
2157,Delainey,40513,03279 Transport Junction
11,Gnni,67611,1495 Crowley Street
576,Colas,69321,0 Harbort Parkway
6499,Phineas,37807,387 Rockefeller Center
,Florie,98661,100 Lillian Court
3,Eugen,32765,05859 Magdeline Center
574,Minor,61056,0 Nevada Drive
3,Clea,41086,75231 Reinke Road
1725,Darcy,63224,70480 Mayfield Plaza
111,Cora,88684,9505 Kropf Drive
1354,Dagmar,70267,0 Texas Way
1759,Buckie,40147,7477 Laurel Park
160,Desiri,40218,6 Hanson Street
10,Susette,33970,4537 Meadow Ridge Center
790,Rafa,75892,6332 Memorial Lane
755,Alasdair,46413,27 Paget Road
197,Patsy,38345,08117 Dennis Place
9,Giuditta,90500,97287 Hanson Center
722,Germain,86794,70615 Hintze Drive
4043,Jenine,73391,2086 1st Trail
465,Evaleen,45417,4 Westend Junction
30,Adoree,77941,8801 Continental Hill
905,Vasilis,99787,5241 Kennedy Avenue
2223,Crystie,31188,48 Everett Alley
3506,Petra,55611,70537 Maple Hill
2863,Yank,74291,86 Schiller Plaza
213,Zahara,91667,86442 Clarendon Plaza
188,Elroy,95952,556 Paget Way
1073,Keri,38374,75084 Talisman Center
7316,Sibley,84044,4239 Iowa Plaza
1476,Kris,61040,6073 Manufacturers Lane
2076,Sigfried,93083,150 Heffernan Crossing
20,Glori,44150,85 Kings Junction
1195,Galina,88962,8138 Bayside Court
270,Joice,35304,2 Sugar Pass
3996,Chan,97690,08607 Kropf Point
3101,Mariejeanne,52931,79 Cambridge Way
120,Clem,39247,40 Ramsey Street
,Ruperto,73644,566 Reinke Junction
1078,Huey,32668,4082 Mayfield Point
130,Allyn,58457,928 Meadow Ridge Circle
814,Gilbertina,99378,01 Anthes Lane
,Lida,91155,1 Lawn Way
1770,Powell,56136,09 Muir Alley
378,Brear,40438,90 High Crossing Hill
1770,Allen,36265,3058 Mockingbird Court
1207,Elaine,76269,9 North Parkway
882,Hardy,74098,6 Florence Terrace
409,Dilly,46064,5 Sauthoff Plaza
42,Packston,92095,95 Old Shore Pass
2132,Jerrome,82005,9 Waxwing Drive
1203,Drusilla,38793,0 Hoard Junction
25,Cart,42931,9962 Independence Hill
5217,Alejandro,99287,335 Brentwood Court
1464,Paulie,99916,20 Jackson Parkway
3314,Mayne,56711,542 Westridge Place
627,Ashlan,84008,035 Lerdahl Street
4396,Mathias,31485,20611 5th Alley
60,Jacklin,84423,98661 Ryan Drive
3900,Otto,47301,020 Derek Pass
131,Pattie,39434,99 Maryland Road
60,Jameson,76296,47 Rusk Place
166,Phillie,44290,16 Reindahl Terrace
2395,Corilla,62713,6517 Kropf Terrace
16,Lawrence,35815,31 Rieder Parkway
230,Cherri,56216,64 Morrow Terrace
7,Margy,62993,06 Mendota Drive
2510,Judd,31934,7444 Mifflin Place
97,Manya,94178,9 Lakewood Terrace
20,Susy,40413,657 Sunnyside Park
33,Dani,84872,2 Maple Parkway
,Ansley,47986,70 Lien Center
1822,Brooks,69868,75948 Bellgrove Avenue
240,Berkly,51819,48 Weeping Birch Plaza
170,Toiboid,78578,6 Rusk Center
1686,Calla,50383,870 Brentwood Pass
1974,Boigie,93139,62 Crescent Oaks Lane
178,Veriee,84546,72 Stang Road
644,Bernadina,33900,1070 Welch Point
,Prissie,52334,74760 Glacier Hill Way
164,Zabrina,43515,4956 Everett Parkway
2415,Thomasa,53764,564 Eastlawn Point
0,Mariam,52016,07951 Hagan Lane
16,Minne,30028,51 Fairview Place
2777,Roz,90589,5 Magdeline Avenue
12,Lonnie,47314,738 Anhalt Avenue
477,Theresa,40370,13 Luster Pass
548,Porty,53279,79049 Mendota Terrace
951,Berta,34675,3168 Crescent Oaks Hill
310,Padraig,31859,1 Jenifer Parkway
761,Zeb,91250,8 Schiller Parkway
1630,Preston,63499,7 Dixon Avenue
479,Opaline,92607,20 Maryland Junction
287,Nichol,84845,7905 Hoard Drive
1765,Lisette,92510,863 Upham Way
101,Carmencita,89540,365 Daystar Plaza
2207,Monroe,63485,22980 Amoth Drive
5506,Isis,88816,089 Artisan Park
3026,Janos,58270,40 Jackson Court
4200,Eb,38893,39 Roth Road
7332,Ilise,34721,761 Randy Junction
4095,Booth,61613,964 Summer Ridge Pass
56,Taber,48039,2 Parkside Way
352,Barbara,51601,0 Kensington Drive
,Kenyon,92202,837 Hagan Parkway
9,Hale,63704,5 Hollow Ridge Place
52,Codie,78428,272 Florence Hill
76,Maxie,92834,5 Haas Drive
,Odessa,30672,5096 Dahle Alley
869,Xymenes,84827,009 Nobel Circle
10,Danyelle,69026,2446 Everett Avenue
10,Katherine,63767,38118 High Crossing Park
550,Bethena,40899,1 American Park
1804,Rana,67383,21823 Fisk Lane
240,Roy,37713,01386 Delladonna Parkway
56,Amargo,67017,89134 Graceland Road
17,Erskine,94656,29 Quincy Court
,Julian,79573,77731 Sutherland Trail
40,Kris,61680,85 Rowland Center
69,Charlean,95180,037 Bashford Center
2594,Bobine,81956,8476 Sherman Park
39,Killie,36032,89 Larry Terrace
12816,Zachery,56635,3 Eastlawn Park
582,Aggi,66168,3 Spaight Circle
22,Tobi,32664,797 Nelson Trail
15,Jason,48959,15 Eagan Lane
48,Julius,52119,3 Washington Circle
21,Fairleigh,46319,4121 Clyde Gallagher Park
937,Art,84708,5346 Emmet Parkway
23,Kathy,32303,64170 Steensland Park
19,Daryle,81243,1985 Colorado Pass
5,Tammi,65270,628 Miller Road
1189,Cecilio,69940,4221 Clemons Way
202,Laurice,31420,355 Dexter Avenue
1,Jeannie,98370,905 Pearson Circle
488,Gibby,96440,3079 Dexter Crossing
5,Katha,57257,921 Westport Hill
801,Montgomery,94511,43 Oriole Parkway
4173,Anastasie,74833,00268 Nobel Avenue
236,Dulsea,39367,16804 Blue Bill Park Junction
251,Urbano,72410,25 Briar Crest Junction
92,Denny,87180,0169 Grim Plaza
,Nellie,45224,76385 Green Ridge Way
74,Brantley,35138,260 Upham Point
1076,Corette,89508,78001 Corben Parkway
961,Jayme,83881,12 Mcguire Park
1870,Bren,92039,39 Summit Street
1333,Anthia,94251,339 Welch Hill
3,Melantha,69084,27 Di Loreto Alley
626,Chaunce,58527,30127 Sutteridge Road
121,Theo,45937,46 Corry Crossing
1576,Katusha,62319,829 Comanche Terrace
10,Ase,68903,5897 Warrior Hill
95,Nichole,61934,8408 Washington Terrace
987,Romona,87408,07 Commercial Place
1726,Venus,63778,3553 Pepper Wood Avenue
4135,Murielle,67246,1 Florence Road
34,Connor,98497,24689 Arapahoe Drive
128,Rhiamon,33035,96 Grasskamp Hill
5688,Evangelin,52789,05 Longview Lane
135,Chryste,81698,94641 Barnett Pass
,Anne-marie,69290,931 Schiller Pass
232,Marilyn,35058,12920 Toban Street
8917,Germain,40955,1797 Duke Alley
344,Cassandry,72326,00 Barnett Crossing
4165,Base,36574,88471 Armistice Plaza
8,Branden,55839,76744 Dapin Plaza
282,Delano,64901,7 Oriole Plaza
,Maryanna,72469,292 Pierstorff Point
1352,Bogart,80416,3939 Emmet Circle
29,Evelyn,98072,2 Cordelia Lane
1071,Pen,76280,9 Esker Trail
1605,Gloriana,46694,2 Melvin Point
4,Rosaleen,47489,0157 Monument Plaza
75,Arabele,88203,1 Derek Circle
36,Flem,48068,3 Talisman Lane
840,Ula,78498,9 Hanson Circle
167,Nerty,69621,8902 Fulton Way
168,Skip,47960,1107 Sycamore Parkway
480,Andris,48211,55 Sachs Parkway
584,Benny,63778,878 Debs Crossing
1126,Alf,90116,1 Armistice Pass
302,Baird,69283,4 Bowman Place
32,Chantal,32601,1 Lukken Drive
54,Austine,32189,70588 Westridge Lane
3043,Panchito,47318,24755 Spenser Point
499,Vidovic,82166,00 Truax Pass
38,Obadiah,89653,6671 Alpine Center
140,Sidoney,41154,24 Hooker Street
1124,Marc,75200,0 Stone Corner Crossing
1050,Nelson,80290,66550 Crest Line Avenue
1280,Andie,72662,52953 Brickson Park Street
359,Myrtice,55198,491 Roth Avenue
7316,Tabor,98794,549 Spenser Lane
6,Merna,47497,60 Starling Hill
19,Kaitlin,38007,5 Southridge Terrace
,Josias,67165,6093 Katie Court
1092,Duky,69976,986 Spaight Lane
984,Honoria,45030,5 Kedzie Drive
961,Lezlie,52721,12576 Claremont Way
6400,Jami,57051,2171 Vernon Road
997,Ranice,51448,8169 Menomonie Center
1202,Dorita,33600,20615 Doe Crossing Trail
1573,Merrill,36458,40505 Burrows Terrace
16,Aldridge,66667,1998 Sherman Way
1605,Marj,62601,84970 Myrtle Drive
1036,Garvin,37862,39307 Mifflin Place
962,Linda,57944,6 Brown Avenue
46,Fee,47064,7 Stephen Trail
61,Nero,59422,0 Stone Corner Place
5200,Magdalen,89253,71581 Glacier Hill Junction
1054,Shawna,55861,6 David Plaza
951,Roxine,47547,25 North Circle
110,Selle,50392,44059 Fordem Pass
3607,Townie,54541,81992 Portage Center
1083,Eve,32448,42934 Esch Park
13,Adey,50572,4 Pankratz Point
1332,Gerard,54866,51 Claremont Street
5868,Mary,73221,96 Del Mar Drive
1813,Towney,37576,063 Meadow Vale Center
43,Field,62344,68557 Havey Parkway
11136,Kristy,64051,62 Macpherson Pass
154,Josias,48068,974 Express Point
1160,Blondie,34984,58 Northview Center
1224,Rea,53760,8 Stone Corner Lane
579,Vevay,94047,97 Bunting Crossing
745,Rosella,40076,60 Springview Point
8120,Eddy,30331,3163 Onsgard Alley
1082,Tybi,70167,608 Summit Junction
4382,Mariann,72961,72 Emmet Terrace
585,Hephzibah,30222,36525 Maple Park
74,Torey,44682,378 Forest Run Terrace
106,Angele,93386,7813 Sycamore Crossing
66,Nanice,46679,2371 Monica Street
1335,Elfreda,44963,9 Cherokee Pass
1191,Walsh,51347,2 Huxley Street
1375,Agnella,65592,26261 Springs Avenue
8976,Jefferson,31790,5775 Scofield Way
3346,Ginnie,31205,490 Clarendon Trail
,Bryn,33358,60914 Stephen Park
13,Leandra,68073,6046 Delaware Street
20,Gennifer,95416,4583 Fieldstone Alley
188,Trueman,43619,66 Pine View Avenue
100,Bernita,80045,17 Ludington Pass
11,Delia,75777,4927 5th Terrace
1260,Gibb,40275,99755 Kedzie Road
249,Klement,67401,926 Jay Avenue
1421,Christin,37423,6408 Larry Drive
30,Fanni,73805,0 Forest Dale Crossing
677,Tull,91916,81 Meadow Valley Crossing
55,Justis,57559,1269 Crowley Way
551,Genni,55962,451 6th Circle
984,Cordie,83011,944 Cascade Avenue
25,Sebastien,43534,3719 6th Center
9,Merill,55081,6 Sage Trail
940,Judas,72016,49 Moose Avenue
599,Henryetta,33227,302 High Crossing Way
5900,Patin,79096,14644 Towne Junction
171,Zoe,34904,27 Luster Place
,Kaspar,31183,68691 Maywood Lane
7360,Corina,70869,53 Hanover Circle
4949,Galven,45041,4039 Rusk Court
59,Nonnah,79380,999 Straubel Junction
5082,Samara,75116,284 Lerdahl Hill
1335,Sunny,63029,60988 Lotheville Pass
22,Dona,50454,86 Michigan Parkway
1860,Delilah,64789,93083 Prairieview Park
3901,Matilda,82516,1991 Lunder Place
1235,Teodorico,90015,71197 Lake View Point
29,Frasquito,42318,2852 Judy Circle
21,Maiga,31453,53730 Hooker Lane
50,Leopold,69072,34 Thierer Crossing
16,Harris,89751,7 Fordem Drive
955,Happy,76991,7 Forest Dale Street
1871,Madella,47217,07841 East Center
1968,Anthiathia,59478,35 Fordem Road
963,Clotilda,48894,11 Gale Avenue
2224,Lilith,33213,918 Golf Course Drive
4056,Garrard,59160,15 Mockingbird Terrace
150,Barry,44451,72 Golf Course Street
1051,Myra,85433,50 1st Crossing
6,Pavlov,92753,60398 Barby Junction
1409,Lawry,76708,91 Sutteridge Lane
2671,Archibold,64820,2396 Hudson Circle
277,Stavros,79072,7787 Old Gate Parkway
45,Waylan,73094,8732 Southridge Parkway
1690,Gabie,34284,098 Center Crossing
929,Jarrod,42415,9 Shasta Junction
1114,Philis,35595,87949 Mcbride Crossing
18,Faina,34502,18858 Gerald Avenue
1904,Cornelius,37170,2 New Castle Street
60,Arne,37818,4 Fairfield Plaza
3661,Jemmy,85556,06054 Reinke Lane
4412,Mark,47473,9149 Esker Pass
112,Trescha,50104,37 Towne Place
497,Rich,79602,38 Welch Trail
3649,Michele,35919,63399 Doe Crossing Pass
117,Ginnie,37133,27656 Vernon Terrace
60,Shelagh,38089,996 Browning Junction
681,Rennie,66491,9 Norway Maple Place
499,Corette,46649,4882 Helena Center
1036,Devinne,80699,97941 Kensington Drive
17,Sheena,53491,799 Menomonie Pass
5479,Colly,43238,3 Homewood Avenue
1437,Kimball,55904,293 Carioca Court
30,Mariann,88378,168 Crest Line Road
2600,Brear,83591,6 Toban Trail
330,Bradney,65563,44 Delaware Avenue
5,Hortensia,33481,661 Sutherland Terrace
1822,Edd,32153,859 Morrow Park
4311,Othilia,57836,4596 Fuller Road
12,Toni,74355,6 Sunbrook Court
375,Nessa,49957,29 Anzinger Terrace
509,Lionello,39029,96 Dennis Crossing
2708,Elvis,39486,3793 Springs Drive
29,Ellissa,79530,840 Glacier Hill Place
2172,Bernardine,88839,56862 Eagle Crest Circle
18,Adler,38536,39 Oakridge Street
1673,Winny,30882,47024 Vidon Parkway
502,Bradley,50922,746 Sugar Way
59,Alexandr,93364,5900 Acker Place
108,Randall,68043,9 Holy Cross Terrace
19,Biddy,59358,23 Mccormick Place
4825,Abram,76029,2700 Parkside Drive
1854,Norbert,65043,21575 Ryan Parkway
930,Lotta,82942,6954 Oriole Place
16,Pier,40696,38032 Rigney Hill
133,Tersina,84407,9690 Meadow Valley Street
980,Teressa,34016,1338 Aberg Circle
26,Daryl,30205,4 Moland Court
3179,Vassili,91866,98823 Arizona Point
15,Romola,90556,74 Jenifer Trail
59,Camille,96595,91594 Sauthoff Plaza
599,Aleece,92728,20680 Morningstar Junction
15,Terry,77611,8870 Maple Alley
17,Ammamaria,55562,3966 Badeau Pass
117,Melania,46499,49169 Dapin Alley
369,Greer,43959,1364 Oneill Lane
1533,Theodora,64135,11107 Graceland Drive
22,Karolina,93761,52341 Randy Alley
,Thomasin,39807,932 Vera Court
935,Clari,81252,57349 East Way
5586,Sydney,83512,45058 Sachs Lane
5954,Ezequiel,64896,77395 Del Mar Court
272,Kaiser,90819,00435 Pankratz Drive
392,Lilas,56344,6 Leroy Drive
150,Iorgos,43564,64175 Sunbrook Hill
845,Lyn,62260,39643 Monument Way
,Amandi,35930,7890 Hauk Alley
19,Wang,71795,93215 Annamark Way
3900,Ban,64727,987 Florence Court
1968,Hadria,89766,45061 Tony Plaza
697,Mikael,39125,4882 Troy Alley
127,Paul,43440,762 Union Alley
2613,Rica,92675,2576 Stoughton Junction
12,Pearline,53400,74 Dahle Drive
11,Odette,81442,55823 Almo Parkway
98,Mattie,60106,75658 Mcguire Circle
48,Donnell,75825,24507 Summerview Alley
1887,Salem,87667,93 Pleasure Junction
1478,Hilda,55584,003 Artisan Hill
193,Kirsti,52522,94 Cottonwood Alley
387,Celesta,70639,85993 Walton Street
954,Bessy,58719,1 Sunnyside Road
412,Burty,97885,99852 Rieder Hill
111,Willow,58078,79 Helena Park
1390,Hillary,72016,073 Barnett Terrace
2828,Goddard,61296,586 Florence Lane
75,Mart,42626,74310 Crest Line Court
70,Pyotr,32898,2543 Leroy Avenue
109,Brose,43264,8312 David Court
20,Sam,73891,04016 Onsgard Plaza
-61,Vincenz,42262,7 Larry Way
19,Vern,51076,20 Quincy Terrace
8,Allyn,89946,074 Talisman Trail
5112,Redd,60397,2 Dottie Drive
481,Tine,86852,9 Walton Center
489,Neysa,43073,3 Hovde Point
16,Wanids,45808,87202 Karstens Place
41,Jimmy,99883,86110 Warrior Hill
660,Ddene,76061,3745 Weeping Birch Pass
13,Darcy,97933,1 Arkansas Street
30,Dougie,86696,12148 Northfield Hill
131,Kristi,65054,7147 Harbort Pass
,Lesya,34497,0 2nd Drive
82,Cosetta,84513,60249 Schlimgen Street
,Grove,54288,77 Sycamore Park
2293,Dorelia,76890,00823 Straubel Point
7707,Wynnie,55077,94200 Kenwood Center
26,Melinda,55587,99 Sachs Crossing
7820,Carolan,56448,22 Stephen Street
815,Legra,58050,7528 Montana Drive
16,Joey,31036,857 Fallview Circle
980,Katha,84043,87620 Bonner Lane
50,Kial,39153,613 Bunting Point
226,Demeter,87130,1 Transport Plaza
387,Claus,59153,184 Redwing Hill
24,Kingston,96514,68 Talmadge Street
271,Olivier,81852,7 Waubesa Lane
1278,Chlo,75980,298 Burning Wood Circle
86,Nada,69839,0772 Manufacturers Point
74,Raychel,47295,87047 Hansons Court
1572,Brett,83190,833 Hanson Road
99,Justina,44360,43 Alpine Pass
150,Dew,50880,60061 Bluejay Center
5750,Karol,69894,5 Village Court
7790,Meryl,65541,414 Westridge Drive
51,Marita,52196,7 Monterey Circle
692,Abbe,45930,55 Sunnyside Terrace
42,Marrilee,41144,9 Dryden Center
3494,Burnard,32526,48753 Schmedeman Circle
111,Tibold,80252,5 Banding Crossing
424,Herschel,91391,2722 Comanche Court
3019,Ardith,35702,55228 Messerschmidt Alley
1245,Ibrahim,43614,9502 Melrose Center
571,Dona,55514,637 Artisan Road
900,Caresa,79946,4 Sundown Alley
951,Sydney,71855,3658 Westridge Point
1808,Dorothea,53191,133 Toban Avenue
213,Tabatha,42694,0 Vera Drive
396,Cammi,54294,689 Green Street
1847,Millicent,84650,68 Carioca Place
1614,Jock,69987,5223 Parkside Crossing
499,Brady,80823,8081 Clove Lane
441,Barde,43048,789 Northridge Point
94,Priscilla,50364,2 Shoshone Center
610,Brady,89497,237 1st Way
-182,Dare,89421,71095 Morningstar Junction
22,Osbert,45784,892 Schiller Parkway
38,Larry,86776,85596 Pennsylvania Avenue
,Elisha,51526,7031 Straubel Crossing
426,Emili,57293,0 Veith Hill
305,Beatrix,78658,8 Clove Court
900,Leif,79825,68 Becker Street
125,Farlay,61652,0 Montana Court
18,Tate,84760,4 Columbus Drive
289,Cameron,54759,78832 Union Crossing
1208,Kaitlyn,83884,788 Northwestern Drive
1413,Diahann,91728,573 Hagan Terrace
1293,Diahann,51988,49100 Paget Plaza
963,Ripley,59467,644 Garrison Parkway
4315,Dallas,56863,59709 Texas Junction
1710,Diannne,57398,220 Springview Point
322,Charita,32517,723 Dorton Park
670,Briant,88552,922 Nelson Circle
14,Caritta,87250,07 Fulton Terrace
21,Jerrome,58246,94 Beilfuss Alley
3294,Sherwin,34215,3450 Pond Plaza
3127,Tiler,47034,3227 Goodland Way
1169,Ban,60034,9115 Harbort Place
111,Frannie,70176,4694 Graceland Street
115,Germayne,45842,53 Monica Circle
50,Adelice,92132,237 Thackeray Park
2188,Kylila,72301,10 Village Green Pass
658,Morse,79676,4469 Arizona Park
767,Licha,30416,6 Buena Vista Parkway
951,Nowell,51072,24 Blackbird Hill
43,Alana,41172,048 La Follette Terrace
978,Duncan,31206,96 Farwell Junction
118,Grace,37276,935 Farwell Crossing
230,Bancroft,34983,27867 Waubesa Place
4849,Lindsay,66589,47277 Logan Avenue
33,Ibrahim,48245,05097 Artisan Way
614,Jemima,95095,7 Kedzie Plaza
5200,Dukie,32661,13 Dakota Terrace
72,Gilberta,66372,248 Lien Alley
10,Melany,87772,8591 Fair Oaks Road
53,Broderick,62744,79 Miller Park
23,Dana,41721,3 Superior Street
610,Larina,49367,5290 Knutson Circle
404,Gates,86511,2167 Autumn Leaf Drive
36,Ravi,60170,02 Twin Pines Court
25,Wally,38666,24 Swallow Crossing
13,Octavius,83942,58350 Glendale Trail
2782,Tiler,84851,03779 Forest Plaza
253,Gillan,94567,9281 Brickson Park Plaza
642,Elora,81927,26551 Gina Avenue
231,Stanton,88725,93 Eliot Terrace
3900,Lorianna,88008,282 Maywood Terrace
800,Padgett,33662,275 Miller Crossing
88,Tally,79881,728 Harbort Trail
7,Greta,31344,86127 Fisk Hill
2595,Otha,61032,610 Sundown Alley
1,Kelcey,38719,2 Thierer Alley
49,Guntar,53641,0 Springs Lane
167,Marabel,50750,4348 Messerschmidt Place
26,Merell,38644,4089 Manley Way
499,Asher,33218,69 6th Avenue
199,Melitta,66877,16321 High Crossing Junction
311,Essa,73083,76709 Anderson Parkway
1183,Ernst,91444,592 Ridgeway Drive
517,Gisela,95459,81 Butternut Street
875,Wang,72235,3 Delladonna Drive
1443,Robinia,92808,254 Elgar Junction
1043,Rosabella,67603,74536 Westport Junction
6580,Ronnica,56294,604 Barnett Park
4012,Findley,72734,373 Shasta Place
,Cece,37111,55 Clove Park
297,Courtney,90494,5 Sutteridge Street
975,Shannon,79186,8 Manitowish Street
58,Emma,61107,530 Almo Court
360,Javier,87345,557 Jackson Trail
713,Dulcinea,56906,44 Melvin Crossing
134,Karoline,32091,48 Cambridge Street
87,Auria,63312,5548 Springview Alley
4469,Domingo,41262,5551 Meadow Ridge Road
4940,Constance,31738,2436 Brown Pass
821,Milicent,35247,95 Merchant Place
111,Elvin,66013,873 Memorial Street
6,Lief,67219,5 Leroy Avenue
297,Georgie,40441,4 Mitchell Circle
342,Leeann,65688,94 Onsgard Alley
13,Aharon,41603,25137 Beilfuss Point
7396,Serge,88732,279 Sage Hill
2655,Mose,91923,41384 Schurz Plaza
24,Ajay,40850,35630 Gale Alley
1267,Nolan,82390,6446 Sundown Parkway
375,Washington,86191,52 Oakridge Avenue
2414,Forrest,49978,90382 Huxley Park
40,Kathy,36718,708 Mccormick Way
3279,Tabbitha,84378,41 Rowland Court
33,Donnamarie,70033,24 Kim Center
614,Prentice,94429,78479 Burning Wood Way
,Konstanze,41160,32 Cody Trail
2697,Vivian,59098,4114 Corscot Place
52,Shaw,31626,48 Charing Cross Hill
15,Sammy,62979,55481 Sauthoff Place
3295,Mathe,43847,24 Macpherson Terrace
5,Normand,91917,8 Alpine Alley
989,Troy,36581,6 Ruskin Drive
5,Cody,68279,3773 Hauk Crossing
105,Maddy,40835,58460 Jenifer Point
2608,Trish,66769,30 Clove Road
1430,Arnoldo,77079,43516 Badeau Avenue
771,Grace,60206,6 Manley Way
627,Dennie,77017,0682 Old Gate Circle
493,Bertie,71959,56 Vera Junction
670,Derk,51456,6162 Maywood Junction
3756,Alejandro,97918,03 Marcy Hill
8,Earl,50047,0 Ruskin Pass
4639,Westleigh,50478,4 Hintze Point
59,Bret,95889,9737 Paget Parkway
55,Olia,68997,995 Harbort Avenue
260,Payton,52169,2 Di Loreto Center
656,Margie,47077,23 Schurz Pass
294,Staci,66523,152 Bluejay Junction
999,Berri,82314,3475 Portage Plaza
59,Esta,85404,27 Elmside Avenue
59,Celka,50623,74171 Hudson Point
39,Torrance,35513,7055 Crowley Center
856,Rab,46884,40 Londonderry Alley
905,Mohammed,60367,69077 Lighthouse Bay Lane
1591,Othello,65352,93 Mayer Terrace
35,Bertrand,58446,0 Sutherland Park
20,Nataline,45542,540 Waubesa Lane
2026,Kayle,90844,1822 Barby Drive
1056,Kitti,31555,404 Holy Cross Trail
738,Tiffanie,46932,8 Washington Way
13,Hobey,58580,81 Tennyson Avenue
70,Rodge,33540,494 Pawling Avenue
913,Meggi,77257,37 Clyde Gallagher Alley
1833,Clifford,62036,2 Katie Parkway
3132,Jayme,38794,1396 American Street
9,Caterina,47378,901 Kinsman Center
1340,Peirce,49450,273 Clyde Gallagher Place
56,Dorie,77097,06685 Lighthouse Bay Circle
2504,Ilse,30278,9 Kennedy Pass
983,Robena,73681,088 Namekagon Lane
96,Zebulon,68279,5 Glendale Court
147,Garek,34125,770 Carberry Road
1099,Rebekkah,64074,7 Magdeline Drive
1073,Colby,34185,9 Springs Court
240,Tamar,35719,34196 Cambridge Alley
4118,Ethan,70311,12 Anderson Road
112,Nola,54525,0 Ridgeview Plaza
193,Druci,40438,9144 David Junction
1492,Danit,42778,65 Esch Plaza
4199,Luella,62933,93767 Schiller Circle
10,Jada,33167,11 Fair Oaks Terrace
60,Haskel,83617,7511 Forest Run Drive
2600,Bambie,59324,322 Drewry Plaza
23,Holden,80764,1 Grayhawk Way
774,Ted,87685,82 Columbus Parkway
3231,Barret,33282,08204 Sommers Plaza
2563,Morgan,89199,7563 Debs Park
139,Arleen,52055,6124 Magdeline Hill
4452,Harmon,89997,4 Vidon Street
55,Dyan,81635,2527 Farwell Pass
1847,Vladamir,93728,14 Jana Court
294,Sharon,53161,51502 Cordelia Trail
1472,Cleve,85351,12 Annamark Trail
4,Alfreda,68159,257 Fremont Way
374,Lucretia,68904,57 Carey Park
1033,Zonda,74605,37 Hayes Alley
1808,Haslett,96865,674 Cardinal Drive
98,D'arcy,44630,28 Vermont Parkway
50,De,81451,569 Mandrake Pass
3,Joachim,81202,10 Armistice Crossing
1487,Christophe,87119,74 Nancy Drive
20,Torrie,31492,4930 Meadow Valley Plaza
403,Mabelle,48508,227 Stang Drive
,Lance,43768,2030 Rieder Park
10,Tori,36351,92 Mitchell Street
80,Basile,97340,892 Stoughton Lane
49,Shadow,82004,1071 Dryden Center
758,Isabelle,51250,10 Florence Plaza
959,Godwin,70652,4 Anthes Pass
1446,Chrystal,40932,90529 Granby Lane
90,Trude,89466,2446 Northview Way
85,Balduin,58814,5 Cottonwood Park
772,D'arcy,67327,8 Main Street
398,Winnifred,39595,4 Green Avenue
2125,Mahmoud,68304,955 Crest Line Avenue
,Alfy,75244,85819 Badeau Court
256,Giordano,83026,26 Shasta Center
1019,Jonell,69557,3 Kedzie Crossing
241,Francine,86371,52743 Bowman Place
160,Urbain,39301,3506 Mayer Circle
272,Theresita,39547,41 Reindahl Drive
1694,Zebadiah,57863,5681 Norway Maple Avenue
196,Codi,40808,9531 Victoria Drive
55,Alexandro,89468,5 Dayton Circle
43,Hildegaard,56986,6323 Superior Circle
1,Miriam,74302,91 Nobel Junction
4457,Scotti,50097,1798 Namekagon Street
656,Adham,59545,8974 Dakota Street
2013,Nolan,84627,6768 Spaight Pass
123,Otho,71884,2357 Ridgeview Plaza
,Amalie,93210,71979 Forest Street
67,Adan,48866,56 Rusk Hill
,Therese,52675,3 Longview Crossing
,Ashlie,64798,7 Namekagon Place
5763,Henrik,31822,8244 Moulton Parkway
52,Damien,66115,1 Bartillon Junction
47,Blakeley,94384,627 Susan Court
2569,April,32384,918 David Avenue
39,Marjorie,40291,5 East Plaza
82,Claudelle,60094,5 La Follette Parkway
328,Edouard,93473,6698 East Alley
5706,Konstance,94825,252 Green Ridge Circle
41,Frank,32629,297 Mallard Avenue
12400,Guenna,36033,27484 Toban Avenue
709,Ralph,35202,2709 Chive Lane
645,Odey,74768,1783 American Center
2112,Lora,47164,4783 Merry Parkway
51,Moselle,48387,77 Karstens Pass
172,Kari,89888,4143 Bay Junction
963,Rozella,64067,31 Mosinee Terrace
4740,Morganica,94594,33969 Thackeray Point
662,Cecelia,97167,7388 Harbort Street
1771,Felipe,51512,5 Tennessee Way
56,Doralynn,92457,52856 Sundown Lane
15,Hy,98389,31 Dexter Park
157,Misti,77324,120 Swallow Street
33,Lindy,51834,016 Fuller Place
167,Victor,45881,70 Jenna Drive
107,Hagen,90027,6924 Kennedy Circle
341,Sacha,81085,281 Algoma Place
