4,Janek Drayton,65 North Court,41251.96
12,Malvin Aberchirder,50 Eastlawn Park,10708.0
984,Esme Rumsby,59931 Northfield Circle,16867.65
2211,Vinnie Chellam,3242 Pearson Pass,47274.75
10,Muffin Basek,7712 Maywood Road,36429.49
70,Krispin Tellenbrook,4907 Twin Pines Place,31918.57
5804,Yale Hammelberg,11 Bobwhite Lane,24101.59
4849,Silvio Hewertson,5316 Loftsgordon Crossing,33198.17
2376,Dario Adamowicz,3 Bashford Center,31756.35
3855,Conrad Dunmore,0055 Drewry Hill,15177.21
19,Margette Videan,77 Melvin Trail,35565.53
1671,Wilmer Dussy,67448 Golf Course Center,12193.21
279,Ophelia Hillam,4 Scott Court,40758.18
787,Antone Nolleth,3254 Mcguire Alley,14747.27
266,Jemmie Brabender,61014 Rieder Alley,39124.73
551,Dino Markos,46 Spenser Trail,29192.55
2224,Maynord Delacote,454 Arrowood Court,21887.09
70,Ellswerth Lemoir,9 Stang Road,47360.86
3287,Lanie Jeaycock,6 Hansons Court,38369.43
937,Joann Wynter,815 Arapahoe Terrace,18360.23
2211,Maridel Ladlow,17932 Drewry Point,17057.37
580,Bartlet Bixley,5287 Stephen Circle,24263.53
705,Carolynn Spohr,2590 Marquette Hill,36789.18
76,Tanner Packington,668 Park Meadow Park,35364.42
322,Fania Rockell,149 Kipling Pass,18014.91
24,Crissie Edwicker,7526 Mcbride Parkway,30711.73
369,Deedee Mailey,2397 Coleman Circle,38850.04
515,Almeria Bremmell,6433 Hermina Crossing,48071.22
25,Val Puffett,3787 Dottie Trail,30593.86
,Hedwiga Moreside,72362 Katie Court,11847.05
1915,Hubie Geistbeck,97257 Darwin Avenue,46337.16
1043,Kandace Pawelec,0961 Bultman Way,47472.66
107,Maximo Heinish,2 Kensington Point,31702.51
825,Franny Moult,5 Oriole Hill,48131.4
203,Horst Stoddard,2 Loomis Park,30212.03
1180,Hall Downgate,80438 Aberg Pass,44585.69
516,Chaddy Farahar,2 Sachs Plaza,44941.83
38,Marquita Youles,844 Rusk Hill,44722.07
,Kris Tetla,0 Donald Lane,47990.42
22,Darby Keford,94301 Derek Road,29614.45
1919,Fania Rosindill,1 Mayfield Way,38875.67
468,Yale Mingasson,108 Messerschmidt Park,35906.93
39,Ranique Harman,30353 Hauk Terrace,15350.06
22,Yul McGonigle,28801 Golden Leaf Center,27234.9
79,Lesya Leroux,8 Oak Valley Avenue,34262.57
16,Annaliese Clancey,84 Debs Trail,17176.65
3321,Jade St. John,8923 Shoshone Park,26063.94
1480,Daile Hartrick,08552 Sutteridge Trail,34894.69
7141,Dosi Willman,286 Comanche Avenue,11820.55
739,Avrit Loud,64098 Clemons Drive,18311.65
729,Zachery Comelini,211 Delladonna Street,35528.72
337,Jon Padley,13564 Susan Crossing,49690.19
3117,Angel Whitmell,8684 Longview Pass,36344.95
97,Ola Mathewson,1257 Debra Avenue,49237.09
1603,Elsa Flook,607 Autumn Leaf Center,17951.5
122,Reynolds Robrose,141 Express Pass,18329.65
540,Shoshana Titcumb,23055 Jenifer Way,23757.1
85,Terza Tebb,4 Daystar Center,30427.7
729,Pattie Scragg,7 Summer Ridge Road,47233.22
69,Malinde Mc Trusty,32 Cardinal Street,28229.76
3887,Ferdinand Gosnell,02733 Hallows Place,35995.15
1900,Addi Mounfield,4380 Lien Park,21358.08
2400,Barty Frier,21 Sloan Place,23444.33
2313,Tierney Fosdick,50074 Hansons Junction,13215.57
1072,Nadya Rubenfeld,2656 Petterle Way,13908.55
,Jerry Domb,22528 Claremont Avenue,35151.69
264,Harley Pauer,9 Alpine Avenue,30970.81
39,Carri Alvaro,394 1st Terrace,33603.3
194,Arlyne Goodyear,17 Bartillon Alley,36840.96
,Neilla Jeenes,8 Dexter Lane,39478.98
414,Arch Devoy,403 Lyons Drive,28925.96
2133,Jenifer Dudeney,52050 Luster Hill,12055.02
6,Aron Henrys,6837 Westport Pass,47273.48
1240,Elladine Calafato,7488 Mcguire Plaza,17818.65
108,Katharyn Pleavin,61677 Ramsey Hill,29555.41
0,Vail Gerrell,74423 Emmet Court,32820.55
60,Laverne Whitnell,21 Fairview Place,44850.32
361,Henri Lant,67734 Bartillon Junction,35547.28
238,Morgen Leaming,6132 Utah Street,41171.26
16,Adrian Gunstone,012 Jay Hill,16366.92
2287,Augustine Dickenson,65987 Colorado Crossing,34419.66
65,Claudette Gemeau,10748 Summerview Pass,32559.55
122,Josie Astman,8 Mayer Way,40431.82
107,Nealy Cuddon,0 Swallow Road,49597.95
24,Honey McArdle,0 Pawling Court,28322.65
491,Olivie Sandcraft,15 Mallard Court,27893.59
1200,Elladine Uridge,9 Mayfield Road,49767.97
3488,Bianka Childs,84 Merry Street,42878.24
2756,Philbert Dagnan,692 South Pass,44823.35
2828,Mylo Allen,1865 Miller Way,29162.34
6,Sonia Saffen,20004 Rowland Park,18055.58
648,Jacintha Upjohn,81900 Cambridge Center,34196.89
1870,Frederick Anthill,5374 Marquette Park,17266.56
184,Tadio Garland,89 Elgar Road,30970.07
102,Ward Healings,14 Myrtle Center,39824.25
202,Martita Blasdale,96 Fieldstone Road,32308.99
2461,Cati Infante,56036 North Junction,26743.5
413,Brandea Sanpere,2 Lakeland Way,22976.88
3217,Neil Sharply,08084 Carioca Park,14169.42
963,Lorri Paolucci,8 Kedzie Way,34909.14
116,Chad Hedde,10452 School Street,45200.09
683,Millie Sahnow,4 Westport Circle,45515.36
364,Devon Godbolt,056 Kinsman Circle,48238.34
122,Felicio Shillabear,60063 Mitchell Park,27205.95
16,Gaspar Aslett,4 Sheridan Trail,31073.05
0,Jeromy Grief,7 Trailsway Point,16407.57
60,Marna Routh,61 Orin Pass,34010.97
40,Waite Taye,71 Schlimgen Pass,17591.97
8,Dione Busfield,523 Dayton Terrace,12694.47
331,Sylas Seiffert,68087 Summerview Court,39495.52
10,Dasi M'cowis,8 Macpherson Lane,49931.35
5446,Aggy Paulusch,66956 Caliangt Hill,15846.44
60,Alanna Munslow,630 Algoma Plaza,32206.69
4858,Skipp Chesterman,756 Oak Pass,24804.13
18,Royal Waycott,4 Artisan Trail,40874.52
70,Ulric Skurray,076 Scott Hill,26403.59
136,Georgette Sarath,73 Mesta Circle,20736.79
1715,Marysa Dearlove,4 Upham Avenue,28701.97
1532,Ibbie Sandon,5 Lukken Way,41719.19
,Allix Coombes,3441 Independence Circle,21246.76
15,Brittany Bollon,8212 Kinsman Park,11770.76
1476,Brenn Duxbury,0 Menomonie Point,22144.25
547,Anton Tarbath,0420 Debs Plaza,44968.32
1043,Ben Burchall,7 Ridgeway Crossing,10600.72
157,Olivette Chessel,82 Bayside Circle,37843.96
2776,Grier Snell,7757 Dunning Trail,39547.59
38,Savina Husher,1717 Bluestem Hill,32568.17
3226,Gert Parlott,46874 Killdeer Trail,31535.67
2080,Vonni Florez,6 Parkside Terrace,26771.55
135,Clem Hegg,6 Marquette Court,20237.29
111,Rutter Goldberg,2 Mifflin Alley,38569.19
3450,Nicko De Bernardis,51 Porter Drive,27507.62
173,Lucius Nijs,2 Surrey Alley,38402.7
46,Adelle Musico,25 Loftsgordon Place,42194.63
131,Chucho Kenwell,1655 Almo Junction,15408.97
75,Darb Mirams,251 Spenser Plaza,14560.94
205,Rockie Isacsson,459 American Street,30380.6
100,Esther McKennan,207 Sutteridge Way,32434.58
1192,Jayne Alp,40 Westend Circle,20322.98
52,Charity Dorant,172 Springs Lane,43837.64
553,Ofelia Tootin,4862 Alpine Plaza,45776.9
44,Dorita Danielsky,6648 Meadow Valley Center,13099.15
7,Reider Maryott,1542 Paget Parkway,46567.61
36,Mauricio Gidley,5 Melody Avenue,45357.27
1608,Dana Filov,45593 Kings Point,40190.75
167,Tommy Elacoate,4413 Kim Plaza,46174.08
1028,Rudd O'Roan,93 Pennsylvania Street,37296.63
1792,Donnie Rudgley,6058 Helena Drive,16021.94
1399,Robert Radbourn,76467 Shopko Way,38593.32
2152,Langston Prisley,78 Tennessee Parkway,10845.05
924,Aleda Galey,0 Waubesa Circle,46831.83
236,Siobhan Furneaux,6031 Bay Court,48214.24
121,Gwenore Rickard,06 Swallow Place,39581.34
161,Biddie Cossentine,078 Darwin Way,43093.33
137,Tricia Durden,9705 Farwell Lane,10809.24
15,Vanna Mawdsley,380 Hollow Ridge Hill,13390.07
951,Verge Hullot,12271 Saint Paul Way,12832.89
99,Claus Faulconbridge,07260 Old Gate Place,31242.39
289,Zaccaria Leghorn,871 Sunbrook Pass,28115.64
,Conni Stoeck,222 Ridgeway Park,15254.62
9649,Ignacius Mattingson,51213 Brickson Park Point,14430.89
321,Abagael Huby,82723 Walton Place,43055.07
2255,Skylar Glawsop,96733 La Follette Hill,49345.01
839,Marcia Rambaut,0 Leroy Point,17471.06
39,Sander Leitche,3 High Crossing Way,12070.2
1952,Nigel Yeiles,843 Service Terrace,18395.63
0,Danit Holtaway,11388 Cascade Pass,33078.29
481,Marketa Linggard,455 Mockingbird Drive,14904.0
54,Yorgo McCaughren,3 Butternut Trail,26204.62
452,Corny Jankiewicz,2 Bunting Point,37713.8
150,Aurore Speck,97591 Melvin Circle,17325.33
782,Gerick Ridings,17174 Tennessee Pass,22712.86
20,Ruby Lamasna,29 Redwing Street,39276.72
2395,Hanan Whittier,45024 Graceland Circle,14069.72
1234,Olive Stopp,80 Lakeland Terrace,19113.78
,Rica Ayres,37 Onsgard Trail,22640.57
2838,Wilmar Casillis,7 Claremont Circle,44585.24
,Ginelle Pacheco,6 Corben Place,21555.51
815,Cyndy Jeppe,82 Mifflin Crossing,27316.45
3331,Iormina Futter,0626 Dapin Avenue,23599.52
33,Cherianne Mendel,2054 Saint Paul Trail,42246.83
101,Earl Rittelmeyer,86501 Stone Corner Drive,43758.08
75,Filia Vasyutochkin,70 Buhler Parkway,25913.22
234,Julissa Bowdler,06712 Briar Crest Avenue,26371.05
79,Kristin Aguirre,564 Atwood Avenue,20289.14
2024,Quinta Dewhirst,8 Corscot Plaza,19847.24
484,Sosanna Gruby,25693 School Court,21994.34
1969,Janot Wolverson,47533 Eliot Center,41531.18
269,Winifield Megarry,2 Mallory Road,39772.55
48,Toinette Ambroise,5049 Commercial Circle,29727.35
101,Norine Veness,612 Hoard Court,47011.46
75,Bette O'Hagirtie,4256 Cherokee Way,22848.76
131,Terrel Calleja,5 Corscot Center,22361.38
14,Roseanne Gave,18 Claremont Crossing,28429.95
4200,Sheilah Epps,5394 Lake View Alley,46015.66
154,Elsworth Ors,30 High Crossing Way,30954.87
,Dennie Pearce,6126 Basil Crossing,10077.0
0,Cullie O'Fogarty,5345 Tomscot Court,21683.77
2477,Merle Purdey,0 Hooker Way,20371.15
296,Malachi Broster,0444 Calypso Center,45884.57
9,Jehanna Lorant,7 Summerview Place,16391.94
2061,Alina Aish,904 Charing Cross Center,43650.48
637,Pancho Northall,934 Mifflin Way,21771.76
559,Israel McCombe,84 Nobel Circle,33077.46
177,Libbi Smeuin,00877 Waywood Point,41525.84
7,Susanne Wakeford,29 Green Ridge Circle,33712.48
88,Betsey Lord,87418 Meadow Valley Center,33741.79
16,Marissa Easom,38 Lillian Center,27780.93
131,Star MacParland,7840 Starling Parkway,13217.43
814,Artur Coverly,00099 Jackson Place,24182.48
26,Emmie Sturmey,30 Continental Circle,13967.12
516,Rochelle Ambroz,316 Vernon Court,23043.0
1182,Luise Ainscow,08496 Burrows Avenue,46429.82
2793,Valaria Buckoke,5283 Glacier Hill Avenue,40369.67
,Sissy Orsay,2904 Grayhawk Park,29249.14
778,Diane Schrader,4 Iowa Crossing,14513.46
17,Adda Sunock,910 Blaine Terrace,17118.55
,Margeaux Ashurst,53376 Artisan Circle,38175.32
969,Tobye Bradbury,66307 Eastlawn Street,17370.37
1338,Randie Cauley,5 Porter Circle,45787.82
548,Thatch Darbishire,327 Brown Road,31317.08
1930,Ramsay Gerrill,19 Lerdahl Street,43452.33
2221,Clare Gerard,9371 Maywood Crossing,40264.97
93,Serge Tissington,91 New Castle Hill,35157.31
1916,Reggy Mazzey,88358 Lunder Hill,29988.34
473,Nixie Oakenfull,5 Canary Court,14012.98
732,Simmonds Fasham,0 Jana Lane,14883.02
173,Moyra Cabane,53609 Saint Paul Way,41590.07
237,Mollee Clemmens,1 Haas Alley,41169.36
-164,Hanna Gabbatt,8388 Springview Park,14233.01
1007,Jayne Attwill,73743 Mayer Drive,41965.59
3314,Clarice Pedreschi,774 Summer Ridge Crossing,39526.77
535,Ardra Gillmore,05538 Troy Lane,40330.24
1016,Florance Denley,30 Cody Road,38182.54
86,Garey Godfrey,08 Garrison Lane,12363.91
807,Finley Tallman,74259 Amoth Place,34362.53
3900,Errol Casajuana,49803 Spenser Court,47944.24
,Jeanette Faber,41396 Nancy Avenue,30875.8
190,Chuck Scrowby,38228 Ilene Court,21587.59
500,Glynn Starbucke,7 Grasskamp Terrace,30816.34
569,Ambros Hartness,23 Brickson Park Place,23125.01
1443,Olva Lillico,8941 Sullivan Avenue,17189.3
1148,Randene Royal,4 Longview Lane,37326.96
12,Rori Gother,89 Sutteridge Way,38953.79
677,Waylan Stodd,51 Lakewood Gardens Trail,14299.71
350,Marchall Seabridge,5734 Garrison Street,21226.3
600,Lane Archer,5 Fordem Court,41268.89
0,Felike Hritzko,54271 Pankratz Place,25752.19
2500,Alli Goodswen,29 Buhler Street,21043.27
459,Hadleigh Bruniges,4909 Bunting Center,23956.29
16,Katheryn Greenhead,338 Sycamore Place,39147.52
899,Daniel Ionnidis,68 Oak Valley Crossing,17514.59
1337,Maureene Rolin,4 Loomis Center,26677.18
317,Hiram Dubbin,2744 Vermont Way,13133.54
141,Juditha Borrowman,1846 Melvin Center,17682.3
25,Mechelle Grigorushkin,33315 Di Loreto Road,35531.3
219,Gloria Tomsa,121 Sutherland Trail,46467.13
1242,Marshall Whate,27 Service Alley,31060.38
59,Rodrick Herety,62 Florence Point,13311.77
280,Esma Mynett,43 Old Gate Terrace,34650.27
7291,Keefe Mumbray,68853 Westridge Circle,41369.5
1854,Adria Aharoni,2 Algoma Hill,44231.49
80,Archaimbaud Clitsome,40328 Melvin Park,16542.85
30,Marlin Beed,5 Nova Park,22121.76
0,Jessika Brydson,40 Killdeer Terrace,27931.39
167,Ruth Saenz,194 Center Center,45711.01
83,Codi Kleinhausen,44084 Heffernan Crossing,36523.44
1667,Alicia Gissop,69315 La Follette Hill,10377.13
1011,Barret Inchbald,83725 Starling Point,38080.81
295,Robbie Nelane,1 Petterle Point,44031.98
40,Noni Landreth,3582 Schiller Trail,26838.0
342,Arlena Rivaland,2 Mandrake Street,38366.05
10,Vilhelmina Velten,6 Almo Street,26899.88
3006,Hartwell Clyde,22608 Swallow Plaza,18467.21
6,Gerta Gammill,63 Mockingbird Avenue,17657.73
46,Marlowe Fleury,36 Ridgeway Circle,46487.99
62,Malinde Horney,0217 Michigan Parkway,45995.32
2500,Jamey Stranger,6278 Kenwood Park,22519.12
280,Trish Helks,20 Badeau Alley,47521.22
2312,Nikolai Gonnin,7649 Swallow Drive,14721.75
1855,Millard Welham,1610 Mayfield Park,21814.98
,Milly Lindenblatt,3298 Johnson Court,46854.73
4457,Laird Schottli,34272 Spaight Trail,34602.71
220,Jacklin Limeburn,81385 Bluejay Place,37978.43
1958,Papagena Edmans,110 Sloan Trail,42019.6
301,Ebony Guiness,329 Shasta Avenue,23721.72
782,Ambrose Chaves,30520 Linden Trail,25876.74
1969,Fields Sam,1 Portage Road,47586.55
202,Fitzgerald McGreay,4 Corry Point,45795.8
430,Lynnell Grundy,93133 Pankratz Junction,44167.9
60,Joey Morffew,46476 Green Terrace,32383.06
38,Curran Abramov,111 Roxbury Hill,45515.16
30,Winonah Carwithim,027 Ludington Street,34006.81
600,Gerri Bladesmith,54392 Sherman Court,18907.65
36,Jeannette Sey,4 Michigan Road,13368.22
15,Ardyth Kenealy,6013 Reindahl Lane,42773.78
153,Anatollo Levinge,7 Hallows Alley,36503.35
622,Codie Bamsey,6 Eliot Pass,23654.2
80,Welch Darridon,16016 Miller Terrace,36701.87
20,Andria Grinnikov,43 Fulton Point,25656.69
10,Janey Comazzo,3439 Twin Pines Hill,15658.63
1233,Beryl Soppett,38 Hanson Road,39096.02
31,Kipp Darnell,61153 Almo Crossing,37343.05
89,Orly Burburough,86266 Redwing Court,11525.18
16,Lib Kinglake,94 Saint Paul Parkway,29160.51
66,Leeann Crimp,73532 South Junction,32776.14
4,Sayers Erbe,8563 Nelson Lane,39290.09
814,Heath Espada,45162 Hauk Junction,17017.24
570,Tracy Grogona,700 Brentwood Alley,32936.43
3100,Jedediah Tendahl,0175 5th Plaza,23847.14
16,Noble Stubley,29 Oak Valley Crossing,34725.49
396,Dorolisa Braunle,26 Garrison Alley,22509.05
689,Alfie Pledger,51 Dennis Point,39569.9
328,Cooper Popping,24 Dapin Terrace,27109.13
,Gregoire Burker,551 Anhalt Hill,18152.34
,Wallas Harrowell,27 Bartillon Drive,29055.65
0,Lorenzo Redgewell,497 Rieder Plaza,21563.91
1881,Jeannette Finder,273 Park Meadow Court,28030.67
187,Shirlene Farnhill,7168 Judy Way,31050.3
461,Sibel McLuckie,330 Merry Terrace,31665.09
526,Vina Dixson,05894 Park Meadow Park,22998.84
7,Aymer Brugden,2069 Division Avenue,41946.28
1595,Jerrold Iron,74037 Blaine Center,29151.28
250,Shanda Renshaw,943 Clyde Gallagher Road,40748.47
973,Nancy Benner,0 Macpherson Plaza,21175.38
91,Julina Edgehill,0516 Fremont Plaza,26003.27
50,Kara-lynn Hemerijk,3 Loftsgordon Parkway,25667.66
171,Nanci Ridsdell,732 Thompson Hill,27843.63
157,Peirce Dibdin,2 Rigney Pass,43800.04
21,Theresa Rowler,20863 Elka Terrace,35985.36
199,Micaela L'Hommee,227 Paget Court,41827.99
241,Mollee Liversidge,08809 La Follette Lane,42303.06
723,Aretha Keelin,7878 Tony Court,32587.4
647,Rebeka Bordessa,9 Waxwing Lane,16180.44
1843,Ramsey Bonifazio,6893 Judy Trail,25882.88
66,Lesley Wallentin,2339 American Ash Lane,11660.34
662,Vanessa Halbeard,915 Trailsway Circle,39806.59
18,Demott Bunstone,621 Lukken Terrace,25989.96
252,Law Luna,889 Rigney Point,42544.79
515,Cloris Pettigree,772 Monterey Center,14624.63
2077,Ira Yeates,87394 Pierstorff Terrace,28622.21
2649,Elene Braven,8 Aberg Plaza,11344.54
1126,Miltie Innes,09168 Redwing Pass,23519.3
1058,Gallagher Thebeaud,8917 Hayes Place,25527.73
1234,Christine Hadley,1158 Jenifer Circle,48437.4
47,Tildi Tyreman,05 Green Center,45878.97
1758,Toinette Banke,23 Debs Park,31384.93
33,Hillyer Stive,609 Huxley Avenue,35244.97
49,Goldarina Cullinane,49 Merry Place,41790.49
679,Brennan Dalinder,8367 Goodland Way,11542.16
5506,Marijn Rosser,123 Troy Road,31236.82
3,Alvan Skaid,21605 Acker Point,48457.87
241,Tulley Waadenburg,4199 Columbus Trail,32766.61
10,Salomon Boschmann,70270 Buell Trail,38141.2
95,Freddie Brenton,1 Miller Street,37169.43
169,Genovera Marden,2299 Atwood Drive,13122.19
29,Jolyn Dinesen,8825 Springview Pass,33492.75
40,Pincus Izakovitz,747 Westridge Crossing,20765.4
1795,Haskel Gawith,107 Butternut Pass,42536.03
39,Marcello Holbie,56 Hudson Pass,45837.87
7012,Merry Penhalewick,22326 Sutherland Circle,36701.67
350,Kimmy Alekseicik,9211 Florence Junction,15635.77
79,Cathie Tees,0 Starling Drive,20133.86
154,Cristobal Enderby,72189 Lerdahl Street,11042.99
1110,Saxe Burree,7962 Blackbird Place,27514.32
1907,Waiter Frediani,3749 Lighthouse Bay Pass,40789.24
3566,Val Loreit,249 Artisan Pass,24306.64
40,Zsazsa Lambe,8362 Pepper Wood Trail,30761.5
750,Filippo Wilsee,123 Blue Bill Park Parkway,20730.19
528,Chris Fairbrace,62 Hanson Junction,41055.76
305,Grove Varren,52 Carey Park,31892.4
13,Phebe Michal,95 Briar Crest Alley,48907.26
281,Gherardo Bareham,06342 Spenser Court,40566.16
184,Jaymie Zanutti,8 Shasta Drive,28786.32
1061,Kory Shobbrook,6170 Judy Alley,33073.25
599,Emmett Palliser,4451 Hallows Avenue,11660.98
21,Leticia Lanston,8539 Petterle Lane,47363.83
190,Gerri Hallford,1 Raven Avenue,46277.9
481,Roze Kezar,2 Delaware Circle,17600.1
791,Grete Tibols,76 Pennsylvania Trail,28420.66
378,Otho Alltimes,0553 Mariners Cove Place,17774.68
625,Tibold Bickardike,970 Welch Center,26152.83
270,Berget Cavanaugh,403 Jenna Junction,12871.4
4,Mehetabel Radin,5 Darwin Plaza,45464.77
71,Nessi Benzi,25 Lotheville Junction,29164.78
139,Natassia Whyberd,85580 Haas Court,43146.26
1165,Moses Place,83 Karstens Place,35925.6
419,Elizabet Bellhanger,38902 Texas Avenue,23124.71
2351,Willyt Eatttok,072 David Parkway,16975.32
26,Shep Juckes,68090 Alpine Center,18859.69
104,Zahara Mancktelow,83 Anthes Court,23187.58
3374,Scottie Dorrell,668 Commercial Plaza,35307.25
2608,Aldin Fenwick,939 Lien Parkway,36944.32
,Amity O'Griffin,08 Shasta Plaza,17232.59
,Robb Ygoe,052 Rockefeller Alley,30478.45
1904,Eddy Sone,0 Elka Road,11835.27
67,Morry Crowther,34656 Leroy Trail,11324.18
12,Cilka Campagne,4 Manufacturers Hill,37178.24
40,Brandon Will,4658 Maple Wood Street,15015.68
2083,Zilvia Thurston,96 Waywood Junction,12810.76
14,Regen Tremberth,2 8th Crossing,20754.17
,Elvin Gainseford,7170 Bellgrove Avenue,46246.89
332,Shelden Hysom,257 Corscot Street,39122.89
126,Ursula Kidwell,61 Golden Leaf Plaza,48573.64
5000,Freddie Doley,7201 Columbus Place,19958.87
1040,Tallia Leuty,58 Birchwood Place,46423.07
3732,Hedi Backes,1 Old Shore Terrace,46271.22
590,Collette Marzelli,45419 Westport Lane,13024.3
2188,Marya Hanster,08023 Sunnyside Alley,44877.33
750,Netti Hurtado,41965 International Crossing,43510.77
164,Carter McLucky,28 Red Cloud Park,49868.43
91,Wes Petrulis,7 Laurel Crossing,12746.66
3934,Salvatore Gunny,64 Fair Oaks Hill,36837.77
114,Lana Muddicliffe,2 Oneill Center,26171.62
316,Rochell Tebbe,35107 Dahle Hill,19311.32
28,Kory Thornewill,0405 Michigan Trail,22138.16
41,Leann Pyser,6131 Kropf Point,41636.44
923,Ham Solomonides,556 Village Pass,21470.52
,Remington Speerman,82 Prairie Rose Trail,11560.65
375,Daren Werny,0 Fallview Parkway,34349.98
13,Niles Leaburn,2 Waywood Street,33109.9
1949,Jeni Dunridge,3 7th Center,31442.11
100,Agathe Goff,30942 Vernon Center,23650.01
95,Chase Kennett,7295 Truax Street,37338.29
459,Gypsy Tudge,9 Eliot Center,47045.03
8,Ilsa Ranson,15426 Kropf Lane,14066.62
861,Frannie Rioch,726 Hayes Junction,10186.53
450,Nikaniki Arnoud,48 Fairview Drive,25962.78
694,Malory Steers,41609 Lakewood Gardens Place,49102.53
13,Nolan Filyushkin,320 Monica Alley,43942.65
50,Devan Sirett,22 Rieder Plaza,42007.99
42,Delilah Hastewell,9 Algoma Plaza,39731.5
202,Avril Mirrlees,0 Morrow Trail,38616.0
1073,Ivette Goodread,103 Glendale Point,47649.37
4154,Vannie Ekkel,9786 Moland Way,19309.89
859,Duke O'Loghlen,831 Heffernan Alley,30949.96
1266,Linzy Von Salzberg,095 Forster Drive,39856.06
,Kile Fishpoole,53 Meadow Ridge Way,36320.77
700,Ozzie Rogge,44 Clarendon Pass,41151.56
220,Kerwin Honnicott,41 Laurel Center,28143.18
1055,Cooper McGrirl,1 Aberg Circle,29596.46
739,Ivar Tebboth,236 Algoma Way,26770.62
71,Dietrich Lebbon,7845 Mallard Parkway,38289.36
650,Patten Sibbert,1 Moose Junction,25733.65
1073,Glen Espadero,662 Brickson Park Drive,24274.91
59,Reeta Barnhart,23953 Erie Junction,13133.04
15,Morgan McCoy,857 David Lane,17968.76
1185,Stephine Gillbard,11993 Monica Circle,31947.9
59,Tildi Kilcullen,672 Spenser Road,31484.94
30,Franny Cromblehome,20 Jackson Street,22305.4
6500,Danielle Harmer,07645 Center Plaza,28941.99
,Amabelle Hackford,1045 Hagan Alley,18062.83
5,Darlleen McCaffery,64017 Hoepker Alley,29758.79
7630,Enoch MacRirie,30182 Elmside Drive,43315.54
67,Leshia Burras,240 1st Way,36838.77
3116,Ellsworth Handes,05435 Lindbergh Junction,31728.87
173,Juliane Eldredge,4 Golden Leaf Avenue,47511.13
59,Elsi Seebert,76 Corben Point,44827.84
2050,Isobel Van der Beek,8 Graceland Way,11521.59
4295,Heloise Scurrah,1707 Vidon Junction,45877.37
792,Roldan Battrick,0924 Bashford Lane,43757.75
3081,Lynelle Wheater,60 Cascade Alley,41496.94
2224,Kerstin Hotton,32 Forest Run Hill,37425.21
10,Lenora Lancett,82505 Vidon Park,40796.22
964,Junina Elliker,069 Buena Vista Center,16490.71
80,Shaine Libbe,4 Jay Road,17958.63
40,Leah Allabush,0 Maple Wood Pass,13281.64
116,Kaleena Sedwick,4 Twin Pines Lane,29928.19
62,Jacky Downse,50 Maywood Drive,10541.33
95,Mimi Nevinson,65 Pepper Wood Trail,32148.46
669,Maximo Bartell,353 Mallard Circle,23289.72
233,Tibold Oakes,50 Beilfuss Circle,46729.54
1043,Cordelia Pulsford,25 Pennsylvania Court,28733.03
285,Tedman Ivanishin,2340 Algoma Alley,47453.75
460,Agnella Bernardeschi,57029 Forest Run Avenue,44502.46
2703,Dorice Pumfrett,53 Sullivan Alley,21086.53
2001,Jason Bohin,85 Atwood Point,42382.94
1150,Evita Lazarus,4048 Chive Plaza,38369.29
2697,North Dewar,5 Eggendart Circle,23099.72
2985,Vivyanne Malitrott,6078 Debra Hill,14461.25
4,Jimmie Vant,17162 Nova Avenue,29457.91
988,Kylila Rasper,01 Garrison Lane,24475.97
415,Nevil Lundon,1674 Mayfield Plaza,16418.0
2148,Jedd Clover,007 Shoshone Street,12553.5
22,Larry Kensley,34 Mockingbird Junction,40875.77
684,Simone Sevin,900 East Way,38178.77
2798,Marlow Dimitrescu,207 Burning Wood Point,10487.06
2188,Bernete Calvard,43762 Eastwood Hill,16129.68
125,Fanya Marc,53970 Shoshone Road,28023.67
1407,Yvon Moine,34051 Pine View Park,49740.02
151,Druci Phippard,764 Independence Parkway,27211.54
100,Shelly Jelf,12981 Lien Trail,11332.03
3627,Brita Semple,3706 Basil Lane,48823.59
5741,Ara Vose,4100 Sommers Junction,44308.76
4198,Orelia Andersson,0 Forest Dale Trail,14102.69
2599,Sharl Gurery,72 Marcy Drive,16223.02
113,Vanya Crankhorn,3 Laurel Avenue,30081.74
112,Sosanna Bullen,267 Hauk Center,31262.07
3250,Frazer Matej,1541 Anderson Lane,43149.71
65,Fiann Godilington,44 Oak Drive,33008.76
727,Flossi Dixie,1593 Ludington Pass,46207.86
7,Melonie Folger,37 Green Park,22588.65
153,Annecorinne Philpot,0302 Tennyson Avenue,40401.16
935,Francyne Wiburn,030 Florence Hill,36880.03
14,Adrea Eller,48061 Mallory Terrace,13953.85
1281,Salomi Hullett,1583 West Center,20856.89
90,Jayme Hamflett,16 Sycamore Terrace,17878.15
54,Stacy Middlemiss,2 Anzinger Alley,46168.21
7759,Owen Voas,01857 7th Hill,36243.01
1028,Chelsey Lumm,39766 Ramsey Alley,40083.01
72,Jonathan Burch,4 Cordelia Parkway,44586.11
302,Tadio Cuttelar,5 West Hill,36800.43
882,Elisabet Houseley,11 Starling Crossing,47302.82
3,Bruce Lytton,81712 Onsgard Junction,18972.51
71,Lynsey Angood,29223 Maywood Road,38393.12
7,Flemming Muggeridge,310 Pawling Hill,33999.96
355,Natassia Regan,65 Waywood Place,38844.72
79,Marcellina Eversfield,266 Esker Lane,10143.67
79,Baldwin Bromehead,470 Eliot Park,37370.07
1631,Franky Haizelden,88 Corben Plaza,20202.09
1300,Karlee Bendare,22 Kim Plaza,46518.59
1034,Anetta Bolles,2695 Harbort Court,47645.25
43,Blair Harte,123 Fisk Trail,11020.2
2060,Nicoline Thaim,3572 Myrtle Lane,43773.46
583,Curr Miles,92957 Hazelcrest Drive,40636.91
83,Elianora Polley,23644 Pleasure Trail,11487.18
18,Milty Lochran,067 Ridge Oak Court,46836.61
1629,Wally Troucher,439 Vermont Center,10691.13
483,Dur Rignall,4133 Express Trail,39790.86
434,Sigismund Orrom,645 Kim Center,30683.77
5807,Skippie Ockwell,005 Helena Parkway,45297.65
1742,Alexandro Augar,3756 Longview Avenue,34074.91
4990,Rafferty Moscon,2423 Londonderry Pass,13527.17
,Alejandrina Glastonbury,45540 Basil Way,39126.89
1052,Corina Halgarth,2 La Follette Park,26439.72
11,Wolfy Ewert,47952 Kings Junction,25963.94
10,Carmelle Romera,9 Milwaukee Parkway,39106.98
4733,Trisha Baudacci,0582 Veith Road,11162.15
57,Reilly Lochrie,89074 Duke Street,14762.95
18,Durand Drakeley,94756 Montana Trail,22118.31
6,Otho Canny,22457 Vernon Parkway,47660.01
1087,Joletta Arnison,93663 Graceland Street,12420.93
968,Gretta Chatwood,51050 Veith Hill,44976.14
213,Pauline Eaden,854 Moose Trail,48665.89
9092,Michele Gorbell,75 Waubesa Center,14445.22
1234,Maegan Braganza,4902 Dapin Center,20673.57
164,Ashien Merrell,6238 Harper Junction,11128.73
690,Helga Ibberson,11033 Talmadge Alley,29116.79
160,Sapphire Snufflebottom,51 Oak Valley Junction,29597.05
617,Kessia McLeman,6 Forest Dale Hill,27212.16
25,Cynde Karpov,912 Helena Point,47824.29
1985,Cordell Dumini,821 Bayside Junction,20790.63
1350,Fayre Jancic,05579 Melvin Park,38047.4
1240,Freddie Venard,3 Ramsey Road,29304.66
39,Maximilien Woolfall,45066 International Terrace,20182.05
4700,Aldric Chark,32467 Autumn Leaf Way,15064.76
14,Rita Mulhill,94719 Briar Crest Lane,38299.1
1140,Allyce Race,8394 Namekagon Avenue,43306.58
819,Amalia Soper,2785 Colorado Plaza,48609.3
594,Gypsy Dimic,4 Harper Road,40267.26
550,Susann De Filippis,55 Rigney Park,24409.18
472,Rowena Yarrell,8197 Moose Trail,34225.62
334,Richmond Gjerde,1933 Main Terrace,12462.85
7011,Georg Rivelin,42379 Toban Point,30963.74
65,Lacey Kubacek,15825 Londonderry Place,13792.93
597,Cointon Lamplough,2344 Upham Court,42178.9
22,Martainn Strethill,5155 Barnett Terrace,34689.28
51,Westbrook Norway,1 Menomonie Road,23596.78
474,Hymie Drains,551 Kingsford Circle,13907.83
174,Job Lattey,97 Columbus Hill,40131.84
165,Billi Iffe,718 Arkansas Circle,45916.64
759,Merry Causnett,7 Pankratz Place,38096.32
126,Amalle Douglas,5 Cherokee Pass,22369.05
403,Crystie Blumsom,3 Bunker Hill Center,34148.85
20,Shayla Pennrington,38602 Eagan Road,41570.4
164,Anderea Scase,6 Rigney Drive,47186.87
1667,Darrin Borkett,56 Graedel Drive,27084.28
2434,Melisenda Kennard,21 South Crossing,19666.74
969,Minetta Pentycost,05298 Dwight Parkway,44930.91
147,Earlie Sweeney,45 Red Cloud Road,23570.63
1028,Rey Boots,81 Stone Corner Pass,39272.9
760,Katleen Thewles,63 Pawling Street,18437.67
23,Marcelo Wreakes,089 La Follette Road,24595.98
,Ronni Willcott,47 School Alley,41249.96
9,Heriberto Bruhke,44 Sachtjen Alley,42800.88
15,Ferne Ricioppo,50 Summerview Street,19527.8
1650,Chelsey Fewings,492 Springview Street,38909.75
3055,Ives Jacobs,0 Forest Run Junction,31125.39
130,Dudley Burnitt,4 New Castle Avenue,10753.66
,Kathi Abbets,704 Green Ridge Hill,23006.8
529,Gloriane De Ruel,9 Laurel Plaza,37958.16
,Tybi Flexman,7 Algoma Park,22324.67
306,Brunhilde Sixsmith,9 Saint Paul Point,38598.44
39,Cory Braham,3085 Eliot Trail,41398.79
194,Dari Gudger,7649 Dexter Road,25108.54
2355,Cody Botfield,579 Pawling Alley,49747.41
7,Raeann Kingswood,056 Logan Place,49012.69
12,Lia Mayne,0 Dahle Park,36368.0
,Rob Klesel,208 Ridge Oak Drive,23274.89
316,Chloette Seally,3290 Barnett Point,36905.17
103,Court Corneille,34513 Browning Plaza,28130.89
254,Betti Ginnaly,848 Graceland Terrace,42290.69
91,Felipe Wilflinger,28 Anhalt Park,49388.32
69,Lavinie Tamburo,66532 Debra Road,19676.76
,Aleece Deacon,7269 Little Fleur Road,10576.96
95,Celinka Merwe,4 Bunting Trail,30359.72
220,Rustie Cavolini,060 Golf View Court,35388.95
73,Horatia Ussher,15318 Corscot Alley,40175.96
19,Raddy Dymidowicz,751 Fairfield Crossing,14787.98
10,Sidney Veall,1976 Alpine Crossing,43583.5
121,Whitby Eckly,8 Main Place,20405.21
2131,Donni Gavozzi,90607 Leroy Plaza,19024.17
13,Rosamond Demeter,3 Sloan Crossing,37003.72
2630,Allin Limmer,092 Schmedeman Pass,32754.26
49,Lynnea Bartak,5096 Quincy Hill,33870.52
2540,Brandon Masdon,1 Basil Lane,15913.67
-72,Lucienne Buche,38622 Lukken Circle,29554.84
23,Dyane Croall,5610 Carberry Circle,39726.2
1361,Julina Djuricic,6 Center Point,15474.11
10,Karilynn Pattinson,41146 Barnett Center,40738.07
1291,Tuckie Downes,1 Mccormick Park,31721.72
2264,Jammie Brockley,00922 6th Plaza,33210.6
347,Liva Bishop,2135 Southridge Lane,22259.88
2193,Briney Jarratt,66 Eagle Crest Street,21596.85
3661,Arri Lahy,2 Mifflin Center,16592.12
106,Joelynn Rubee,504 Continental Way,32244.17
4234,Shirlene Fleis,1758 Thompson Street,33114.62
870,Don Duckham,9040 Vahlen Plaza,16509.92
272,Laural Cathcart,04 Menomonie Place,45893.34
52,Myrilla Taylot,56 Johnson Drive,48327.61
505,Rivi Ongin,4955 Blaine Center,32861.75
24,Zonnya Brumfitt,40 Di Loreto Junction,47171.66
75,Morganne Phillput,078 Blaine Alley,17647.99
73,Gaylord Winspire,9 Jay Trail,46259.35
21,Maud Del Monte,2 Hollow Ridge Lane,20185.07
132,Pamela Bukac,57237 Comanche Pass,18312.18
2280,Fey Marham,72 7th Road,14478.53
927,Debee Ralestone,06 Acker Hill,29848.09
1476,Ottilie Pargiter,9064 Canary Plaza,21846.63
186,Lonna McKeon,88479 Milwaukee Avenue,18326.52
1181,Wake Sherrocks,8 Menomonie Plaza,10547.84
12000,Lavena Zorzetti,67 North Pass,32115.78
45,Merle Castangia,34 Green Hill,18574.1
59,Buiron Colkett,5 Darwin Court,11832.85
271,Shelba Rymer,2504 Fair Oaks Circle,24517.24
1293,Baxy Bamborough,13 Grayhawk Center,10766.91
,Samantha Nann,247 Delladonna Alley,17254.47
0,Gustie Readman,8 Dryden Center,27845.76
775,Micah Helstrom,8 Hoffman Park,16171.57
4804,Becca Plumtree,954 Kingsford Road,35971.36
91,Ricard Monte,64417 Lunder Plaza,43840.37
1427,Darsie Canto,70799 Graedel Avenue,16195.57
27,Harlie Fullerd,6592 Daystar Way,14249.73
115,Dmitri Barrett,3100 Comanche Parkway,46402.94
210,De Penwright,5 Amoth Lane,19281.53
127,Emile Yegorkin,52701 Weeping Birch Trail,48752.46
10,Eddie Osbourne,014 Roxbury Plaza,24079.91
10,Magdalena Fishly,4 Judy Junction,36381.54
300,Tristam Kleeman,08 Columbus Center,11831.92
246,Willy Yesinin,86 Stang Park,24533.07
4500,Queenie Gethouse,91 Dunning Park,37719.45
2591,Man Telfer,7 Transport Parkway,23074.39
1473,Eden Plant,527 Sunnyside Junction,39938.88
787,Burk Cubley,28773 Shasta Hill,25829.88
170,Carmelina Offiler,8 Arizona Lane,38650.83
,Kaela Ornils,13 Merchant Road,42251.03
0,Clair Mateos,96589 Claremont Junction,39886.15
1221,Aggy McTrustey,2375 Burning Wood Avenue,38952.18
184,Hillier Mangon,7006 Northview Hill,25054.96
577,Krishnah Stutely,019 Fair Oaks Place,16432.28
107,Humphrey Jerdon,5 Crescent Oaks Street,14688.22
303,Giorgia Matantsev,744 Golf View Trail,36154.73
1,Erie Dewsnap,255 Warner Crossing,13902.75
650,Wendye Allchorne,5 Florence Circle,16216.29
155,Shauna Catlette,58585 Clarendon Point,22683.19
5192,Halie Pullman,980 Helena Point,46586.97
3730,Koressa Cancellieri,8697 Hoffman Point,34024.56
39,Harmon Fridd,5 Declaration Crossing,18426.49
21,Aggy Bracer,1025 Bunker Hill Junction,21968.35
7600,Dukey Sperwell,07344 Debra Junction,46915.92
427,Alejandro Bodd,753 Briar Crest Circle,21744.66
1375,Karola Jakeman,5 Lerdahl Junction,22819.93
1742,Frazer Daice,745 Loomis Road,19011.29
656,Aaren Dyett,2584 Hazelcrest Crossing,45534.02
6527,Ann Snaden,941 Farwell Plaza,36471.96
290,Cornela Shoulder,2 Nobel Parkway,18544.15
1382,Yetty Cudbertson,5 Kennedy Way,24518.28
14,Clarance De Vaux,29 West Lane,19894.85
322,Guido Rijkeseis,80242 Lotheville Road,46126.63
9,Cecil Docket,7099 Charing Cross Avenue,39004.08
24,Burnaby Ottery,5 Dorton Point,40494.05
72,Annmarie Auckland,823 Park Meadow Court,34916.62
3337,Fabiano Drummond,1 Knutson Plaza,36359.35
586,Berna Larchier,75074 Anhalt Court,45515.29
3283,Burl Burdas,100 Prairie Rose Junction,39836.31
1073,Stefa Mayling,6314 Declaration Junction,19433.33
4148,Hazlett Sievewright,72 Menomonie Avenue,28410.29
1490,Quillan Ferrino,8475 Artisan Street,41359.11
606,Barbe McCrisken,2 American Parkway,29549.88
29,Dallon Skokoe,0 Roxbury Court,27098.53
729,Tallie Cowthard,8859 Nobel Terrace,45832.5
194,Conni Sollime,2615 Namekagon Point,43281.22
25,Curt Gomersall,813 Crescent Oaks Junction,43267.25
340,Carmina Godsell,3 Dovetail Crossing,11579.88
150,Yanaton Leare,267 Northridge Crossing,42053.5
13,Tonnie Hearnah,7 Waywood Parkway,19444.42
137,Denna Robelet,586 Butternut Terrace,36014.2
232,Lita Mulbry,86 Manufacturers Point,10794.9
574,Chrisy Stanaway,5206 Lawn Plaza,42189.41
3782,Celestine Saintpierre,196 Nobel Crossing,22058.19
171,Dulcine Dundredge,8414 Mcguire Circle,37841.2
724,Krystalle Destouche,40 Farwell Street,41159.39
427,Ciro Dixon,48099 Clarendon Lane,47440.46
78,Rhodia Nicklin,75 Victoria Center,30545.14
,Moselle Stuer,4 Spohn Point,22994.38
435,Axel Winsborrow,2 Westport Hill,44975.96
327,Reagen Soper,0 Lukken Hill,32799.72
7143,Felita Cecchetelli,850 Bowman Avenue,35900.71
20,Dulci Probey,7 Colorado Place,11593.87
31,Ilaire Nineham,597 Thackeray Plaza,38023.01
45,Gwyn McPhilip,50 Mccormick Plaza,40060.47
59,Reginauld Frane,0818 Lindbergh Lane,16013.06
600,Tallou Linzee,9195 Truax Trail,34464.56
15,Kin Haslam,0 Londonderry Hill,36826.37
1650,Alejandro Tomes,7 Banding Crossing,38548.76
57,Robin Beinisch,64 Huxley Avenue,41055.01
443,Catharine Beavors,822 Hintze Pass,12290.74
2133,Rozelle Damarell,3 Dapin Trail,40430.25
2036,Marquita Le Barr,1 Atwood Street,47156.78
20,Layney Abdie,0 Bellgrove Terrace,42751.46
7340,Winifred Fallanche,476 Huxley Circle,40177.28
4452,Burlie Aksell,73 Crescent Oaks Park,35752.21
76,Glen Gartenfeld,3932 Melrose Way,41775.0
1142,Uriah Detheridge,104 Delaware Junction,31496.17
8,Allyce Kuzma,035 Schlimgen Plaza,38082.61
52,Tybalt Simeonov,87 Crescent Oaks Court,17987.23
990,Lynnette Moen,89784 Goodland Alley,23668.88
39,Marena MacPharlain,763 Holy Cross Drive,34427.59
1460,Milka Barnhill,6764 Sommers Avenue,19421.42
1387,Dodi Graham,114 Mesta Court,49478.66
1875,Burgess Swanston,788 Milwaukee Court,21236.8
0,Stu Shovell,05831 Blackbird Trail,39986.25
15,Shelagh Crab,7419 Northridge Circle,32143.7
1462,Amy Peverell,219 Everett Junction,21793.4
1125,Geri Gerrit,27023 Schmedeman Avenue,32628.41
5125,Valaree Hazleton,68944 4th Way,12665.91
69,Cobb Gurnett,29634 Oxford Center,37603.49
,Lorrie Knoton,9717 Oriole Street,29653.44
2201,Wynnie Brickell,99 Milwaukee Pass,31980.06
710,Charo Brewitt,40 Almo Drive,36626.26
1003,Ottilie Corrie,594 Forest Point,33628.22
39,Jacquie Kiffin,09 Parkside Pass,13141.53
1014,Sterne Boynton,09 Lien Crossing,38069.75
900,Tomkin Vannikov,30 Golden Leaf Street,26812.66
60,Rowan Kezourec,6441 Bonner Junction,14744.36
464,Camile Trevena,10 4th Point,30196.89
145,Joan Harnor,965 Corry Road,23167.44
48,Crin Gillimgham,645 Mayer Alley,47873.47
4185,Sibley Inde,8 Straubel Court,38481.42
2143,Susann Adolphine,90 Ramsey Lane,29327.1
1307,Amber Wayvill,4 Cottonwood Street,22664.03
7,Vassili Faughey,9 Columbus Pass,44111.3
6606,Eliza Runacres,65600 Morningstar Circle,34438.01
213,Levy Bockman,7089 Cardinal Circle,36346.19
33,Cheston Ind,4090 Laurel Lane,43386.75
1580,Parker Nelsen,604 Boyd Circle,25158.47
5082,Jory Salterne,69 Memorial Trail,48102.02
4952,Gabe Chaucer,9 Reinke Alley,41337.03
19,Hildagard McPharlain,1 Lakeland Way,20659.66
882,Laure Kennicott,2 John Wall Drive,36067.24
44,Celisse McGuire,20 Hovde Center,26764.08
9649,Anna-diana Hercock,5371 Waubesa Court,32180.1
416,Ritchie Dugget,8354 Gateway Road,18065.51
23,Dillon Seymark,6 Eastwood Lane,24986.5
194,Sidney Kochel,95658 Logan Junction,46539.04
1145,Adiana Geldeford,66833 Muir Pass,20706.81
2803,Giacobo Gallally,8291 Kropf Road,36257.75
100,Korie Meadus,7158 Little Fleur Crossing,37552.47
48,Elizabet Wiggins,34 Manitowish Point,11840.83
2717,Ophelia Ungerer,144 Harper Point,19960.05
280,Olympia Emeny,8 Talmadge Circle,16657.32
2890,Amie Duligall,752 Karstens Road,35335.29
13,Emalee Haslegrave,007 Grover Place,45921.64
80,Micheal Provest,0 Sunfield Parkway,47802.56
1716,Crawford Gorelli,553 Carioca Avenue,19643.33
56,Olivia Cahillane,7839 Petterle Trail,11680.22
291,Christophe Eles,6216 Oxford Way,35864.19
1749,Rowan Ravens,9 Summit Park,33924.3
1100,Augie Gorghetto,70892 American Ash Point,33443.54
10,Clare Ragate,4 Mcbride Terrace,40780.78
1403,Esta Livesley,1100 Morning Drive,46161.53
2050,Vinni Chaddock,9883 Clove Trail,11985.16
1319,Gisella Phoenix,79 Westerfield Way,32720.89
19,Kristofor Acum,0610 Loftsgordon Point,41084.38
681,Marie-ann Lukash,9867 Center Junction,48398.28
27,Lianne Robens,4 Brickson Park Place,30408.07
860,Phillie Pashe,4256 Hooker Alley,44407.41
3,Margaretta Hinstridge,90 Wayridge Park,47275.79
1036,Perkin Bugg,1 Arapahoe Drive,18410.01
901,Morrie Lates,3 Macpherson Place,29290.35
66,Cele Churchley,0633 Mockingbird Terrace,34139.19
3287,Sam Turbill,4717 Russell Junction,12414.47
2070,Baron Caen,6 Forest Run Terrace,35521.99
90,Amalea Barbe,072 Westend Park,41396.17
100,Vonni Kleinstern,09735 Roxbury Circle,24734.26
125,Valene Yard,9 Dixon Road,20946.08
1805,Robinetta Booker,488 Superior Center,17778.76
10,Tamara Blindmann,3 Village Junction,46309.08
190,Violante Measures,5 Crest Line Road,46202.17
369,Hildy Giacomi,5 Hagan Pass,41848.02
176,Lesley Sheed,33 Chive Junction,49556.62
3250,Napoleon Newport,2 Eliot Point,11549.79
1260,Tallie Hugnot,1445 8th Lane,25367.0
6193,Harmonie Leipelt,8 Forest Lane,39601.9
8400,Morlee Purves,33054 Village Terrace,37339.03
560,Fenelia Sawney,7673 Meadow Vale Parkway,18946.38
81,Riki Couldwell,6 Continental Avenue,48433.08
231,Inger Fielders,56 Bartillon Alley,28103.45
1499,Rudiger Ladson,98 Del Sol Street,35127.04
3287,Stacia Schwier,75903 Marcy Junction,44874.02
1765,Marilyn Bloan,92058 Stang Trail,48008.72
403,Cliff Steinson,93594 Park Meadow Way,43255.88
875,Becka Wrankmore,60964 Parkside Terrace,28550.2
170,Vivienne Howey,25294 Susan Way,30777.94
267,Donica Ledwich,338 Talisman Hill,14586.23
75,Bern Sheals,1332 Kropf Point,37674.69
1001,Vickie Rubenfeld,642 Knutson Place,16443.58
374,Monroe Corbyn,914 Saint Paul Parkway,42242.53
7500,Ximenez Izhaky,3819 Scoville Way,36501.69
28,Tomaso Taber,0093 Elka Park,42501.95
190,Pierette Acres,00 Fair Oaks Court,43384.72
302,April Dabels,60 Hauk Hill,19528.23
3300,Odell Phillippo,3052 Maple Crossing,22744.01
280,Caye Risbrough,39 Hermina Road,47501.57
730,Angele Dinjes,04 Dryden Crossing,21584.5
74,Timmie Dibbs,993 La Follette Road,47749.19
,Hakim Whitear,4 Sloan Street,16920.08
161,Andrea Pavie,744 Daystar Lane,26319.76
20,Fayette Straker,12 Kedzie Point,14731.33
16,Rafaello Dowsing,52988 Rowland Park,47304.26
6000,Valina Didball,425 Melvin Park,45596.86
656,Casandra Tuting,16 Valley Edge Center,42432.18
495,Carrol Jeanon,56814 Orin Trail,36754.89
749,Schuyler Murtell,801 Sherman Court,25897.43
374,Lonni Brunnen,73532 Rieder Park,14836.89
465,Maxy Edgehill,75892 Grayhawk Parkway,11655.87
5,Eudora Lomond,30 Nancy Pass,38460.74
958,Virgil Kassman,442 Buena Vista Center,35921.27
23,Doralynn Breckin,3 Quincy Alley,46926.12
9097,Britt Pavolillo,03 Hoepker Crossing,42595.69
133,Dania Crooks,25 Bunker Hill Street,42071.73
12000,Marleah Frensch,6086 Bunting Lane,42425.86
367,Archibaldo Aubert,5375 Scott Lane,38166.41
948,Archy Blackmuir,7002 Nobel Road,37122.37
43,Vere Cobden,79 Algoma Circle,18138.44
691,Yalonda Myhill,351 John Wall Pass,42866.2
397,Shalom Watkin,282 Upham Terrace,34559.6
2150,Hedda Baukham,3514 Clarendon Street,40506.7
1136,Sunshine Tabourel,184 Anzinger Street,20822.46
164,Ofella Truckell,110 Lindbergh Terrace,41413.93
5150,Lief Comiam,093 Annamark Alley,48662.62
3609,Alf Lidgard,46815 Quincy Park,15778.02
144,Lidia Westoff,114 Sycamore Crossing,38439.0
2083,Quillan Cordet,41 Grayhawk Terrace,45619.48
6537,Michaella Scading,7 Oakridge Hill,32095.47
20,Elvyn Oultram,6995 Rieder Point,26236.72
271,Vonny Ikringill,1768 Blackbird Crossing,13957.58
753,Daisie Handman,363 Bobwhite Drive,28007.74
55,Ardella Ranahan,682 Annamark Plaza,21104.73
569,Bathsheba Edleston,8954 Lakewood Gardens Circle,28100.38
20,Elvina Nicholls,139 Autumn Leaf Plaza,25918.56
1631,Sybyl Frantzen,06 Sommers Lane,44559.91
26,Guido Dulin,079 Springview Place,40452.88
14,Jobey Georgeou,8842 Washington Lane,14893.95
558,Vinny Kobierra,10429 Delaware Hill,21952.55
2165,Claude Killoran,6 Crest Line Crossing,17062.68
1720,Nerta Bonafacino,8 Gateway Pass,38471.29
36,Zorine Fluck,978 Hauk Avenue,46544.84
1055,Merci Makey,247 Cordelia Center,14102.57
165,Allyce Whaymand,39060 Mcguire Circle,36315.31
136,Drucill Leverage,2 Trailsway Hill,45418.77
0,Tarra Kleuer,85 Prairie Rose Way,24447.91
814,Ronalda Klaessen,75793 Merrick Hill,32536.18
1405,Kasey Reiner,14362 Schmedeman Junction,29629.38
167,Winthrop Waumsley,98629 Sunnyside Street,26362.3
1442,Jourdain McGow,2 Ruskin Parkway,42807.38
1459,Justine Antunes,243 Charing Cross Lane,44280.19
1959,Saleem Bunclark,489 Victoria Lane,40718.18
569,Devin Cornejo,640 Sunbrook Alley,32256.77
10,Jehanna McElwee,297 Elgar Hill,13516.46
421,Mada Ceeley,84 Waxwing Crossing,37925.57
716,Hart Callar,96 Grim Crossing,26889.29
1887,Rosella Bringloe,51 Washington Circle,46721.12
1476,Lydie Mort,4342 Logan Plaza,13863.44
354,Marshal Dulson,7128 Morning Hill,27063.88
674,Sarette Tremontana,137 Upham Plaza,32877.55
462,Zilvia Perigoe,64561 Cambridge Court,46199.75
13,Akim Wisher,21362 Dryden Way,26276.95
666,Norry Wilsher,4 Mendota Court,13181.19
1378,Deina Bodicum,26 Sage Alley,10055.23
7260,Brock Patsall,3 Victoria Lane,24985.67
3931,Yetty Cluderay,299 Sheridan Terrace,33774.33
5282,Ermengarde Mohan,4505 Bartillon Plaza,30385.94
325,Vallie Ambrosoli,25240 Donald Center,13888.14
82,Silva Yashunin,7 Mcbride Street,12706.49
1620,Abeu Ramelet,7 Rowland Road,42560.04
291,Curcio Brunning,947 Rockefeller Way,12330.4
918,Mattie Morpeth,994 Summit Park,16483.25
90,Ginnie Behning,6 Montana Pass,39503.24
1248,Phaedra Longina,216 Moose Way,46086.46
161,Dan Spread,9303 Schmedeman Trail,12217.23
241,Justino Marchiso,123 Crescent Oaks Park,12030.8
896,Bert Shimony,6 Manufacturers Place,25820.64
141,Leonerd Danell,25 Bobwhite Avenue,34028.02
793,Esdras Mechem,67 2nd Pass,28222.2
1073,Keen Gavan,0697 Hintze Alley,27779.93
993,Galina Parken,98650 Westerfield Trail,29979.79
3773,Ring Cockshot,79 Redwing Junction,33490.82
499,Ilise Scandred,6 Buell Plaza,37165.75
16,Elberta Riding,93 Carioca Terrace,45061.26
189,Jobina Marks,9635 Hansons Avenue,34350.15
723,Barclay Gonthard,87 Esch Street,22806.85
178,Husain Bardell,85131 Katie Alley,42411.65
2182,Saunderson Rylands,3781 La Follette Lane,39010.98
31,Anett Purshouse,87737 Starling Alley,17374.17
6415,Peter Broadwood,74041 Alpine Road,34628.9
,Elvin De Vaar,0767 Mcguire Way,20045.04
56,Kally Shire,21 Independence Center,22388.66
1040,Davida Yoodall,9204 Raven Alley,25234.46
89,Lukas Sherrott,46 Schiller Avenue,12433.76
3630,Gabie Koba,2203 3rd Point,29812.35
5374,Teddy Quest,156 Arrowood Court,25258.32
1086,Marlin Benkhe,052 Thierer Place,13875.4
755,Tiertza Keeting,5637 Oakridge Way,45201.71
28,Florida Quadri,510 Bellgrove Drive,22721.18
1672,Alexandre Manifould,805 Service Hill,48431.49
248,Nikolai Lemary,1 Grayhawk Circle,29363.88
919,Lacee Bebis,77 Canary Plaza,27653.96
63,Keefer Fitchew,081 East Parkway,21886.68
812,Quinn Darinton,97978 Atwood Junction,46994.42
4697,Son McKeefry,64083 Park Meadow Lane,17523.65
16,Ira Bick,5214 Leroy Drive,22162.92
738,Niki Mathiot,35815 Harper Avenue,36067.74
761,Nanice Toomer,49 Merrick Hill,46998.03
4343,Bill Pounder,61 Russell Terrace,34551.75
4541,Ignacius Soutar,814 Paget Parkway,10181.17
28,Kenyon Kordes,9 Arkansas Plaza,45616.28
2690,Killy Dekeyser,347 Texas Lane,39573.66
1674,Halimeda Swatheridge,4940 Commercial Center,47010.83
1089,Lonni Antalffy,660 Moose Alley,28641.85
110,Gerard Colnet,093 Manitowish Lane,10105.88
128,Yolande Donegan,09 Brown Plaza,21376.76
460,Belia Bellini,9909 Raven Court,18476.06
927,Rea Paulo,55 Schmedeman Circle,13524.77
123,Ryan Jenicke,137 Daystar Court,43782.4
3327,Cleve Hardaker,1 Hauk Street,34768.23
1509,Brian Andrusov,4156 Sloan Alley,11388.13
4167,Franklin Shotboult,58008 Judy Drive,14232.92
76,Hedvig Churchin,32 Bowman Point,37273.63
30,Hesther Finlay,2 Kensington Point,47881.28
0,Deanna MacFadden,2 Homewood Junction,49999.96
1446,Cosetta Puddefoot,770 Jenna Terrace,37906.97
1040,Pail Shimon,7 Helena Drive,41726.53
881,Roselia Ennew,56 Forest Dale Terrace,28554.71
20,Christophorus Harradence,32531 Sunfield Plaza,26884.37
125,Sid Pheasey,68559 Calypso Crossing,18996.37
2487,Merissa Cleverly,0014 Weeping Birch Avenue,39505.72
2555,Happy Farley,93 Northwestern Street,42004.36
87,Alexandr Kohen,10 Clyde Gallagher Junction,45266.27
534,Ninetta Robken,875 Menomonie Lane,17308.44
26,Glad Ladel,219 Brentwood Plaza,40305.35
960,Emalee Pimblott,99768 Lyons Crossing,28988.78
753,Janey Rigmand,19526 Green Place,26127.72
13,Emiline Ixer,099 Moland Plaza,18553.48
6100,Preston Fancott,477 Roth Park,30198.47
48,Dorette Gingle,3 Shoshone Pass,35192.47
1354,Celka Sigars,92771 Homewood Way,38688.49
586,Kippie Legan,9 Sheridan Junction,12896.72
445,Leona Feeney,0 Cody Pass,35926.96
13,Klarrisa Freddi,7878 Kenwood Park,23790.63
1800,Patrizia O'Quin,90 Roth Parkway,19493.51
82,Pamella Bye,75 High Crossing Alley,48990.93
30,Claudetta Gumary,4912 Elgar Pass,15687.07
30,Ring Shalders,3 Thackeray Crossing,38858.71
1558,Terrye Bilam,04 Moulton Way,48469.69
365,Alberta Trett,0714 Truax Park,20724.94
335,Olivier Squibe,5497 Pennsylvania Point,48655.02
1023,Zolly Cunniffe,2508 Alpine Junction,44062.06
1722,Claudie Naerup,00 Crownhardt Street,29721.62
,Hana Monger,78081 Merrick Lane,31744.04
646,Finlay Moyes,4 Vidon Plaza,42542.39
73,Sallyanne Rubinsohn,27 Mayfield Court,33478.14
160,Alameda Pilling,3609 Sheridan Park,41505.52
912,Paulo Farguhar,17 Porter Junction,15958.07
637,Udall Boal,4364 Bluestem Court,19563.43
2904,Korella Eyckelbeck,9571 Nelson Lane,39676.0
20,Francois Seamark,4594 Lakewood Lane,18604.05
2040,Banky Pinckstone,58288 Stone Corner Plaza,12388.27
426,Natassia Gillow,4 Swallow Parkway,33840.25
24,Farrah Baldacco,8 Westport Hill,32808.06
